method,system,d_site,N,n_qubits,n_qutrits,hybrid_label,K,fidelity_mean,fidelity_std,setting_size
DSATUR,qubit,2,2,2,0,,1,0.882039905,0.025919954,3
DSATUR,qubit,2,2,2,0,,2,0.908957851,0.030194361,3
DSATUR,qubit,2,2,2,0,,3,0.937421388,0.02758519,3
DSATUR,qubit,2,2,2,0,,4,0.968949653,0.017926333,3
DSATUR,qubit,2,2,2,0,,5,1,7.57E-15,3
DSATUR,qubit,2,3,3,0,,1,0.865808072,0.01920039,7
DSATUR,qubit,2,3,3,0,,2,0.875710278,0.018836022,6
DSATUR,qubit,2,3,3,0,,3,0.888484317,0.018565244,6
DSATUR,qubit,2,3,3,0,,4,0.905564413,0.017163554,6
DSATUR,qubit,2,3,3,0,,5,0.921964771,0.014550403,6
DSATUR,qubit,2,3,3,0,,6,0.928635628,0.012759035,4
DSATUR,qubit,2,3,3,0,,7,0.9333357,0.012217292,4
DSATUR,qubit,2,3,3,0,,8,0.942788292,0.012872928,4
DSATUR,qubit,2,3,3,0,,9,0.947428598,0.010612101,4
DSATUR,qubit,2,3,3,0,,10,0.956332805,0.008190908,4
DSATUR,qubit,2,3,3,0,,11,0.968622159,0.006699551,3
DSATUR,qubit,2,3,3,0,,12,0.978019697,0.008256614,3
DSATUR,qubit,2,3,3,0,,13,0.989389302,0.006834976,3
DSATUR,qubit,2,3,3,0,,14,1,8.12E-15,3
DSATUR,qubit,2,4,4,0,,1,0.864111647,0.012136863,15
DSATUR,qubit,2,4,4,0,,2,0.87227847,0.011408994,15
DSATUR,qubit,2,4,4,0,,3,0.879598269,0.009034653,14
DSATUR,qubit,2,4,4,0,,4,0.887903421,0.008667633,14
DSATUR,qubit,2,4,4,0,,5,0.89634685,0.01122032,13
DSATUR,qubit,2,4,4,0,,6,0.904808858,0.010372887,13
DSATUR,qubit,2,4,4,0,,7,0.910098301,0.010086652,13
DSATUR,qubit,2,4,4,0,,8,0.91546491,0.010236423,12
DSATUR,qubit,2,4,4,0,,9,0.922609845,0.009397826,11
DSATUR,qubit,2,4,4,0,,10,0.929998879,0.009209965,11
DSATUR,qubit,2,4,4,0,,11,0.936204423,0.007968178,10
DSATUR,qubit,2,4,4,0,,12,0.941715816,0.008775843,10
DSATUR,qubit,2,4,4,0,,13,0.948750116,0.008480272,10
DSATUR,qubit,2,4,4,0,,14,0.954018727,0.009288561,10
DSATUR,qubit,2,4,4,0,,15,0.959701584,0.009066661,9
DSATUR,qubit,2,4,4,0,,16,0.963700638,0.009320449,9
DSATUR,qubit,2,4,4,0,,17,0.969781875,0.007526634,9
DSATUR,qubit,2,4,4,0,,18,0.9754761,0.006778299,8
DSATUR,qubit,2,4,4,0,,19,0.982465304,0.004830361,7
DSATUR,qubit,2,4,4,0,,20,0.987532403,0.003783864,7
DSATUR,qubit,2,4,4,0,,21,0.992232114,0.003364639,6
DSATUR,qubit,2,4,4,0,,22,0.994568506,0.003311546,6
DSATUR,qubit,2,4,4,0,,23,0.994568507,0.003311546,5
DSATUR,qubit,2,4,4,0,,24,0.99666318,0.002405182,4
DSATUR,qubit,2,4,4,0,,25,0.998865482,0.001182298,4
DSATUR,qubit,2,4,4,0,,26,0.998865482,0.001182298,3
DSATUR,qubit,2,4,4,0,,27,0.998865482,0.001182298,3
DSATUR,qubit,2,4,4,0,,28,0.998865482,0.001182298,2
DSATUR,qubit,2,4,4,0,,29,1,4.25E-15,2
DSATUR,qubit,2,5,5,0,,1,0.855215347,0.002809269,31
DSATUR,qubit,2,5,5,0,,2,0.860011839,0.002428371,31
DSATUR,qubit,2,5,5,0,,3,0.865113234,0.002358274,30
DSATUR,qubit,2,5,5,0,,4,0.870707083,0.002991078,29
DSATUR,qubit,2,5,5,0,,5,0.875125685,0.002757439,28
DSATUR,qubit,2,5,5,0,,6,0.8798803,0.002848843,28
DSATUR,qubit,2,5,5,0,,7,0.883866649,0.003055522,27
DSATUR,qubit,2,5,5,0,,8,0.887151932,0.003649241,26
DSATUR,qubit,2,5,5,0,,9,0.89155694,0.003558161,25
DSATUR,qubit,2,5,5,0,,10,0.896283638,0.003201654,25
DSATUR,qubit,2,5,5,0,,11,0.89942606,0.003428548,25
DSATUR,qubit,2,5,5,0,,12,0.903024878,0.003556363,25
DSATUR,qubit,2,5,5,0,,13,0.90663368,0.004157557,25
DSATUR,qubit,2,5,5,0,,14,0.90957985,0.004107949,25
DSATUR,qubit,2,5,5,0,,15,0.913679359,0.003697798,24
DSATUR,qubit,2,5,5,0,,16,0.916706992,0.004025382,24
DSATUR,qubit,2,5,5,0,,17,0.920195055,0.004468845,24
DSATUR,qubit,2,5,5,0,,18,0.923113779,0.004020511,23
DSATUR,qubit,2,5,5,0,,19,0.926119174,0.004246848,23
DSATUR,qubit,2,5,5,0,,20,0.928866675,0.003731752,22
DSATUR,qubit,2,5,5,0,,21,0.932530425,0.00372588,22
DSATUR,qubit,2,5,5,0,,22,0.934715078,0.002804113,20
DSATUR,qubit,2,5,5,0,,23,0.937455077,0.003057647,19
DSATUR,qubit,2,5,5,0,,24,0.939714923,0.003686131,18
DSATUR,qubit,2,5,5,0,,25,0.941721158,0.00397856,18
DSATUR,qubit,2,5,5,0,,26,0.944015142,0.003400479,16
DSATUR,qubit,2,5,5,0,,27,0.946524665,0.003356119,16
DSATUR,qubit,2,5,5,0,,28,0.948486312,0.003475634,16
DSATUR,qubit,2,5,5,0,,29,0.950661338,0.003307529,16
DSATUR,qubit,2,5,5,0,,30,0.953136033,0.003139975,16
DSATUR,qubit,2,5,5,0,,31,0.955126521,0.003216577,15
DSATUR,qubit,2,5,5,0,,32,0.958039132,0.003703975,14
DSATUR,qubit,2,5,5,0,,33,0.960186904,0.003820938,14
DSATUR,qubit,2,5,5,0,,34,0.962339394,0.004008239,13
DSATUR,qubit,2,5,5,0,,35,0.96490079,0.0039805,13
DSATUR,qubit,2,5,5,0,,36,0.96701982,0.003650284,13
DSATUR,qubit,2,5,5,0,,37,0.969179233,0.003651925,13
DSATUR,qubit,2,5,5,0,,38,0.971419575,0.003817382,13
DSATUR,qubit,2,5,5,0,,39,0.973516416,0.0030386,13
DSATUR,qubit,2,5,5,0,,40,0.975610271,0.002243005,12
DSATUR,qubit,2,5,5,0,,41,0.977673265,0.002319294,12
DSATUR,qubit,2,5,5,0,,42,0.980409523,0.002223795,12
DSATUR,qubit,2,5,5,0,,43,0.983528138,0.002327778,12
DSATUR,qubit,2,5,5,0,,44,0.98645221,0.001685922,11
DSATUR,qubit,2,5,5,0,,45,0.988657561,0.00236137,10
DSATUR,qubit,2,5,5,0,,46,0.990451496,0.002319161,10
DSATUR,qubit,2,5,5,0,,47,0.991368756,0.002288353,10
DSATUR,qubit,2,5,5,0,,48,0.993921344,0.001211277,10
DSATUR,qubit,2,5,5,0,,49,0.997071773,0.001134474,10
DSATUR,qubit,2,5,5,0,,50,0.999122891,0.000621079,9
DSATUR,qubit,2,5,5,0,,51,0.999354814,0.000587423,9
DSATUR,qubit,2,5,5,0,,52,0.999354814,0.000587423,9
DSATUR,qubit,2,5,5,0,,53,0.999354814,0.000587423,8
DSATUR,qubit,2,5,5,0,,54,1,1.88E-14,8
DSATUR,qubit,2,5,5,0,,55,1,1.81E-14,8
DSATUR,qubit,2,5,5,0,,56,1,1.30E-14,8
DSATUR,qubit,2,5,5,0,,57,1,1.27E-14,6
DSATUR,qubit,2,5,5,0,,58,1,7.51E-15,6
DSATUR,qubit,2,5,5,0,,59,1,1.22E-14,6
DSATUR,qubit,2,5,5,0,,60,1,3.32E-14,6
DSATUR,qubit,2,5,5,0,,61,1,8.45E-15,6
DSATUR,qubit,2,5,5,0,,62,1,1.75E-14,6
DSATUR,qubit,2,5,5,0,,63,1,2.65E-14,5
DSATUR,qutrit,3,2,0,2,,1,0.864960984,0.017958732,5
DSATUR,qutrit,3,2,0,2,,2,0.876241492,0.020591676,4
DSATUR,qutrit,3,2,0,2,,3,0.88671629,0.01915677,4
DSATUR,qutrit,3,2,0,2,,4,0.894797712,0.023833958,4
DSATUR,qutrit,3,2,0,2,,5,0.901819057,0.021239559,4
DSATUR,qutrit,3,2,0,2,,6,0.905173595,0.019671668,4
DSATUR,qutrit,3,2,0,2,,7,0.908575434,0.023127181,3
DSATUR,qutrit,3,2,0,2,,8,0.910770959,0.020293325,3
DSATUR,qutrit,3,2,0,2,,9,0.917773073,0.020944864,3
DSATUR,qutrit,3,2,0,2,,10,0.926622423,0.023326527,3
DSATUR,qutrit,3,2,0,2,,11,0.933332724,0.018555066,3
DSATUR,qutrit,3,2,0,2,,12,0.934246249,0.019995675,3
DSATUR,qutrit,3,2,0,2,,13,0.941586985,0.01615586,3
DSATUR,qutrit,3,2,0,2,,14,0.947049542,0.016514989,3
DSATUR,qutrit,3,2,0,2,,15,0.950023265,0.016453023,3
DSATUR,qutrit,3,2,0,2,,16,0.958913804,0.013509584,2
DSATUR,qutrit,3,2,0,2,,17,0.962501957,0.010964543,2
DSATUR,qutrit,3,2,0,2,,18,0.967486184,0.012561581,2
DSATUR,qutrit,3,2,0,2,,19,0.969894829,0.01120499,2
DSATUR,qutrit,3,2,0,2,,20,0.971560562,0.010746299,2
DSATUR,qutrit,3,2,0,2,,21,0.973633361,0.009516249,2
DSATUR,qutrit,3,2,0,2,,22,0.975626726,0.008393589,2
DSATUR,qutrit,3,2,0,2,,23,0.978785526,0.007651725,2
DSATUR,qutrit,3,2,0,2,,24,0.985084129,0.006133066,2
DSATUR,qutrit,3,2,0,2,,25,0.989135802,0.004136838,2
DSATUR,qutrit,3,2,0,2,,26,0.990058012,0.004350881,2
DSATUR,qutrit,3,2,0,2,,27,0.992195115,0.004460324,2
DSATUR,qutrit,3,2,0,2,,28,0.99494706,0.004851928,2
DSATUR,qutrit,3,2,0,2,,29,1,1.03E-14,2
DSATUR,qutrit,3,3,0,3,,1,0.854230234,0.004750356,11
DSATUR,qutrit,3,3,0,3,,2,0.859566831,0.005010707,11
DSATUR,qutrit,3,3,0,3,,3,0.864013673,0.005946584,10
DSATUR,qutrit,3,3,0,3,,4,0.86681224,0.00594832,10
DSATUR,qutrit,3,3,0,3,,5,0.870154652,0.005623415,9
DSATUR,qutrit,3,3,0,3,,6,0.872541243,0.005751383,9
DSATUR,qutrit,3,3,0,3,,7,0.876159743,0.004394507,9
DSATUR,qutrit,3,3,0,3,,8,0.878980071,0.005155149,8
DSATUR,qutrit,3,3,0,3,,9,0.880361184,0.004858791,8
DSATUR,qutrit,3,3,0,3,,10,0.884074751,0.003929265,8
DSATUR,qutrit,3,3,0,3,,11,0.886654021,0.003877019,8
DSATUR,qutrit,3,3,0,3,,12,0.888588488,0.004151148,8
DSATUR,qutrit,3,3,0,3,,13,0.88936434,0.003953456,8
DSATUR,qutrit,3,3,0,3,,14,0.891325461,0.003793084,8
DSATUR,qutrit,3,3,0,3,,15,0.892606316,0.004215581,8
DSATUR,qutrit,3,3,0,3,,16,0.893656236,0.003808518,7
DSATUR,qutrit,3,3,0,3,,17,0.897082382,0.003428015,7
DSATUR,qutrit,3,3,0,3,,18,0.897978575,0.003405741,7
DSATUR,qutrit,3,3,0,3,,19,0.900458632,0.003052133,7
DSATUR,qutrit,3,3,0,3,,20,0.901733989,0.003774118,7
DSATUR,qutrit,3,3,0,3,,21,0.904240627,0.004091291,7
DSATUR,qutrit,3,3,0,3,,22,0.906186922,0.0032212,7
DSATUR,qutrit,3,3,0,3,,23,0.906988799,0.002973644,7
DSATUR,qutrit,3,3,0,3,,24,0.908479679,0.002658364,7
DSATUR,qutrit,3,3,0,3,,25,0.909724707,0.002382602,7
DSATUR,qutrit,3,3,0,3,,26,0.911004049,0.002327403,7
DSATUR,qutrit,3,3,0,3,,27,0.91277604,0.002143341,7
DSATUR,qutrit,3,3,0,3,,28,0.913827233,0.002346455,7
DSATUR,qutrit,3,3,0,3,,29,0.914716026,0.00253175,6
DSATUR,qutrit,3,3,0,3,,30,0.915716017,0.002283182,6
DSATUR,qutrit,3,3,0,3,,31,0.917260575,0.002383346,6
DSATUR,qutrit,3,3,0,3,,32,0.91985171,0.002524411,6
DSATUR,qutrit,3,3,0,3,,33,0.920703378,0.002673512,6
DSATUR,qutrit,3,3,0,3,,34,0.921364086,0.003159388,6
DSATUR,qutrit,3,3,0,3,,35,0.921624772,0.003003615,6
DSATUR,qutrit,3,3,0,3,,36,0.922035506,0.003123154,6
DSATUR,qutrit,3,3,0,3,,37,0.922806734,0.003241355,6
DSATUR,qutrit,3,3,0,3,,38,0.925955361,0.002909247,6
DSATUR,qutrit,3,3,0,3,,39,0.926480885,0.002913562,6
DSATUR,qutrit,3,3,0,3,,40,0.927528044,0.003300275,6
DSATUR,qutrit,3,3,0,3,,41,0.92822719,0.003033567,6
DSATUR,qutrit,3,3,0,3,,42,0.928557624,0.002980205,6
DSATUR,qutrit,3,3,0,3,,43,0.930270541,0.002890021,6
DSATUR,qutrit,3,3,0,3,,44,0.930270541,0.002890021,6
DSATUR,qutrit,3,3,0,3,,45,0.930815199,0.003146111,6
DSATUR,qutrit,3,3,0,3,,46,0.932540222,0.003835018,6
DSATUR,qutrit,3,3,0,3,,47,0.933199445,0.003723661,6
DSATUR,qutrit,3,3,0,3,,48,0.935473991,0.00353165,6
DSATUR,qutrit,3,3,0,3,,49,0.936434612,0.003595139,6
DSATUR,qutrit,3,3,0,3,,50,0.93808602,0.003102072,6
DSATUR,qutrit,3,3,0,3,,51,0.938737745,0.003270216,6
DSATUR,qutrit,3,3,0,3,,52,0.939608692,0.003152584,6
DSATUR,qutrit,3,3,0,3,,53,0.941141997,0.003302138,6
DSATUR,qutrit,3,3,0,3,,54,0.944073223,0.002561915,6
DSATUR,qutrit,3,3,0,3,,55,0.944789369,0.002442174,6
DSATUR,qutrit,3,3,0,3,,56,0.947019323,0.003419224,6
DSATUR,qutrit,3,3,0,3,,57,0.947946427,0.003910098,6
DSATUR,qutrit,3,3,0,3,,58,0.950421764,0.003147453,6
DSATUR,qutrit,3,3,0,3,,59,0.951469818,0.003264789,6
DSATUR,qutrit,3,3,0,3,,60,0.953607916,0.002071804,6
DSATUR,qutrit,3,3,0,3,,61,0.954842474,0.002274261,6
DSATUR,qutrit,3,3,0,3,,62,0.956033176,0.002079261,6
DSATUR,qutrit,3,3,0,3,,63,0.956411733,0.001635752,6
DSATUR,qutrit,3,3,0,3,,64,0.956871239,0.002122616,6
DSATUR,qutrit,3,3,0,3,,65,0.958169,0.002573618,6
DSATUR,qutrit,3,3,0,3,,66,0.959006159,0.002589242,6
DSATUR,qutrit,3,3,0,3,,67,0.959006123,0.002589286,6
DSATUR,qutrit,3,3,0,3,,68,0.961755217,0.002114953,5
DSATUR,qutrit,3,3,0,3,,69,0.963469315,0.001773759,5
DSATUR,qutrit,3,3,0,3,,70,0.965328202,0.002171704,5
DSATUR,qutrit,3,3,0,3,,71,0.9657321,0.002115255,5
DSATUR,qutrit,3,3,0,3,,72,0.966846436,0.001684654,5
DSATUR,qutrit,3,3,0,3,,73,0.966915493,0.001715536,5
DSATUR,qutrit,3,3,0,3,,74,0.967092756,0.001690983,5
DSATUR,qutrit,3,3,0,3,,75,0.967372241,0.00145884,5
DSATUR,qutrit,3,3,0,3,,76,0.96737224,0.00145884,5
DSATUR,qutrit,3,3,0,3,,77,0.96737224,0.00145884,5
DSATUR,qutrit,3,3,0,3,,78,0.96737224,0.00145884,5
DSATUR,qutrit,3,3,0,3,,79,0.96737224,0.001458839,5
DSATUR,qutrit,3,3,0,3,,80,0.967566911,0.001599715,5
DSATUR,qutrit,3,3,0,3,,81,0.968271559,0.00190825,5
DSATUR,qutrit,3,3,0,3,,82,0.968716006,0.001627411,5
DSATUR,qutrit,3,3,0,3,,83,0.968716006,0.001627411,5
DSATUR,qutrit,3,3,0,3,,84,0.968916315,0.001813365,4
DSATUR,qutrit,3,3,0,3,,85,0.969514535,0.001446427,4
DSATUR,qutrit,3,3,0,3,,86,0.970664151,0.001475235,4
DSATUR,qutrit,3,3,0,3,,87,0.971794036,0.001801631,4
DSATUR,qutrit,3,3,0,3,,88,0.973288338,0.001636166,4
DSATUR,qutrit,3,3,0,3,,89,0.973991364,0.001737832,4
DSATUR,qutrit,3,3,0,3,,90,0.974713057,0.001671544,4
DSATUR,qutrit,3,3,0,3,,91,0.975662674,0.001589433,4
DSATUR,qutrit,3,3,0,3,,92,0.976404241,0.001473873,4
DSATUR,qutrit,3,3,0,3,,93,0.977464262,0.001537251,4
DSATUR,qutrit,3,3,0,3,,94,0.978017155,0.001278612,4
DSATUR,qutrit,3,3,0,3,,95,0.979086688,0.001136807,4
DSATUR,qutrit,3,3,0,3,,96,0.979879473,0.000842396,4
DSATUR,qutrit,3,3,0,3,,97,0.98088199,0.000726212,4
DSATUR,qutrit,3,3,0,3,,98,0.981601477,0.000703528,4
DSATUR,qutrit,3,3,0,3,,99,0.982591082,0.000668317,4
DSATUR,qutrit,3,3,0,3,,100,0.982982113,0.000878597,4
DSATUR,qutrit,3,3,0,3,,101,0.982982113,0.000878597,4
DSATUR,qutrit,3,3,0,3,,102,0.983187223,0.000983569,4
DSATUR,qutrit,3,3,0,3,,103,0.98357531,0.001127066,4
DSATUR,qutrit,3,3,0,3,,104,0.984213475,0.001438978,4
DSATUR,qutrit,3,3,0,3,,105,0.984922649,0.001491457,4
DSATUR,qutrit,3,3,0,3,,106,0.985843307,0.001451148,4
DSATUR,qutrit,3,3,0,3,,107,0.986762723,0.001266715,4
DSATUR,qutrit,3,3,0,3,,108,0.988069444,0.001433689,4
DSATUR,qutrit,3,3,0,3,,109,0.989656586,0.001313462,4
DSATUR,qutrit,3,3,0,3,,110,0.991038132,0.001378127,4
DSATUR,qutrit,3,3,0,3,,111,0.992025233,0.001462196,4
DSATUR,qutrit,3,3,0,3,,112,0.992927524,0.001275921,4
DSATUR,qutrit,3,3,0,3,,113,0.9944968,0.001752337,4
DSATUR,qutrit,3,3,0,3,,114,0.995609274,0.000903072,4
DSATUR,qutrit,3,3,0,3,,115,0.995863324,0.001004985,4
DSATUR,qutrit,3,3,0,3,,116,0.996414995,0.001020448,4
DSATUR,qutrit,3,3,0,3,,117,0.996952904,0.0006962,4
DSATUR,qutrit,3,3,0,3,,118,0.997699326,0.000848652,4
DSATUR,qutrit,3,3,0,3,,119,0.998694165,0.001169219,4
DSATUR,qutrit,3,3,0,3,,120,0.999434922,0.000609309,4
DSATUR,qutrit,3,3,0,3,,121,0.999434922,0.000609309,4
DSATUR,qutrit,3,3,0,3,,122,0.999434922,0.000609309,4
DSATUR,qutrit,3,3,0,3,,123,0.999434922,0.000609309,4
DSATUR,qutrit,3,3,0,3,,124,0.999434922,0.000609309,4
DSATUR,qutrit,3,3,0,3,,125,0.999434922,0.000609309,4
DSATUR,qutrit,3,3,0,3,,126,1,3.86E-14,4
DSATUR,qutrit,3,3,0,3,,127,1,1.71E-14,4
DSATUR,qutrit,3,3,0,3,,128,1,5.70E-14,4
DSATUR,qutrit,3,3,0,3,,129,1,7.64E-15,3
DSATUR,qutrit,3,3,0,3,,130,1,2.71E-14,3
DSATUR,qutrit,3,3,0,3,,131,1,3.30E-14,2
DSATUR,qutrit,3,3,0,3,,132,1,4.02E-14,2
DSATUR,hybrid,,,1,1,1q⊗1t,1,0.876395676,0.030571667,5
DSATUR,hybrid,,,1,1,1q⊗1t,2,0.896690484,0.028175294,4
DSATUR,hybrid,,,1,1,1q⊗1t,3,0.91020085,0.026706716,4
DSATUR,hybrid,,,1,1,1q⊗1t,4,0.928409087,0.02057889,3
DSATUR,hybrid,,,1,1,1q⊗1t,5,0.939249529,0.010534479,3
DSATUR,hybrid,,,1,1,1q⊗1t,6,0.942328807,0.01234009,2
DSATUR,hybrid,,,1,1,1q⊗1t,7,0.944240729,0.013344102,2
DSATUR,hybrid,,,1,1,1q⊗1t,8,0.94828931,0.017324031,2
DSATUR,hybrid,,,1,1,1q⊗1t,9,0.954260884,0.014307937,2
DSATUR,hybrid,,,1,1,1q⊗1t,10,0.965343529,0.016669451,2
DSATUR,hybrid,,,1,1,1q⊗1t,11,0.972556938,0.019192746,2
DSATUR,hybrid,,,1,1,1q⊗1t,12,0.990291356,0.00784819,2
DSATUR,hybrid,,,1,1,1q⊗1t,13,1,1.34E-14,2
DSATUR,hybrid,,,1,2,1q⊗2t,1,0.859464239,0.008115994,12
DSATUR,hybrid,,,1,2,1q⊗2t,2,0.865194532,0.007936375,9
DSATUR,hybrid,,,1,2,1q⊗2t,3,0.870157191,0.007869034,9
DSATUR,hybrid,,,1,2,1q⊗2t,4,0.876253075,0.008610196,8
DSATUR,hybrid,,,1,2,1q⊗2t,5,0.88191559,0.008927691,8
DSATUR,hybrid,,,1,2,1q⊗2t,6,0.884373641,0.008123771,8
DSATUR,hybrid,,,1,2,1q⊗2t,7,0.888733144,0.008817818,8
DSATUR,hybrid,,,1,2,1q⊗2t,8,0.893349597,0.009016177,7
DSATUR,hybrid,,,1,2,1q⊗2t,9,0.896414197,0.008646918,6
DSATUR,hybrid,,,1,2,1q⊗2t,10,0.901303842,0.008100025,6
DSATUR,hybrid,,,1,2,1q⊗2t,11,0.903786586,0.008852789,6
DSATUR,hybrid,,,1,2,1q⊗2t,12,0.906727131,0.008245118,6
DSATUR,hybrid,,,1,2,1q⊗2t,13,0.909455359,0.008608806,6
DSATUR,hybrid,,,1,2,1q⊗2t,14,0.912695248,0.007327048,6
DSATUR,hybrid,,,1,2,1q⊗2t,15,0.915556315,0.007859339,6
DSATUR,hybrid,,,1,2,1q⊗2t,16,0.920710703,0.008714529,6
DSATUR,hybrid,,,1,2,1q⊗2t,17,0.923095931,0.008318567,6
DSATUR,hybrid,,,1,2,1q⊗2t,18,0.926412418,0.008356284,5
DSATUR,hybrid,,,1,2,1q⊗2t,19,0.931106256,0.008379425,5
DSATUR,hybrid,,,1,2,1q⊗2t,20,0.934681169,0.007539385,5
DSATUR,hybrid,,,1,2,1q⊗2t,21,0.937151405,0.007125253,5
DSATUR,hybrid,,,1,2,1q⊗2t,22,0.941849194,0.007756744,5
DSATUR,hybrid,,,1,2,1q⊗2t,23,0.945564784,0.007408568,5
DSATUR,hybrid,,,1,2,1q⊗2t,24,0.948178238,0.007762421,5
DSATUR,hybrid,,,1,2,1q⊗2t,25,0.949102698,0.008030151,5
DSATUR,hybrid,,,1,2,1q⊗2t,26,0.949825641,0.007271277,5
DSATUR,hybrid,,,1,2,1q⊗2t,27,0.949779698,0.007213427,5
DSATUR,hybrid,,,1,2,1q⊗2t,28,0.951601798,0.007020329,4
DSATUR,hybrid,,,1,2,1q⊗2t,29,0.953210183,0.007529067,4
DSATUR,hybrid,,,1,2,1q⊗2t,30,0.956606636,0.007380725,4
DSATUR,hybrid,,,1,2,1q⊗2t,31,0.95767396,0.00709439,4
DSATUR,hybrid,,,1,2,1q⊗2t,32,0.960953434,0.004521206,4
DSATUR,hybrid,,,1,2,1q⊗2t,33,0.963067143,0.004849015,4
DSATUR,hybrid,,,1,2,1q⊗2t,34,0.965777289,0.003978329,4
DSATUR,hybrid,,,1,2,1q⊗2t,35,0.968163769,0.004612677,4
DSATUR,hybrid,,,1,2,1q⊗2t,36,0.97055785,0.004839727,4
DSATUR,hybrid,,,1,2,1q⊗2t,37,0.972679812,0.006085102,4
DSATUR,hybrid,,,1,2,1q⊗2t,38,0.976475694,0.005930654,4
DSATUR,hybrid,,,1,2,1q⊗2t,39,0.977080503,0.006350711,4
DSATUR,hybrid,,,1,2,1q⊗2t,40,0.978746676,0.006696674,4
DSATUR,hybrid,,,1,2,1q⊗2t,41,0.980551313,0.006089835,4
DSATUR,hybrid,,,1,2,1q⊗2t,42,0.981039581,0.006375086,4
DSATUR,hybrid,,,1,2,1q⊗2t,43,0.981768855,0.006379488,4
DSATUR,hybrid,,,1,2,1q⊗2t,44,0.982790003,0.005688451,4
DSATUR,hybrid,,,1,2,1q⊗2t,45,0.987029813,0.005469693,4
DSATUR,hybrid,,,1,2,1q⊗2t,46,0.988560756,0.004973704,4
DSATUR,hybrid,,,1,2,1q⊗2t,47,0.990649893,0.003674824,4
DSATUR,hybrid,,,1,2,1q⊗2t,48,0.991502162,0.003252892,4
DSATUR,hybrid,,,1,2,1q⊗2t,49,0.992892415,0.00270122,4
DSATUR,hybrid,,,1,2,1q⊗2t,50,0.993762075,0.003162466,4
DSATUR,hybrid,,,1,2,1q⊗2t,51,0.993762076,0.003162466,4
DSATUR,hybrid,,,1,2,1q⊗2t,52,0.993762075,0.003162466,4
DSATUR,hybrid,,,1,2,1q⊗2t,53,0.993762076,0.003162466,4
DSATUR,hybrid,,,1,2,1q⊗2t,54,0.993762075,0.003162466,4
DSATUR,hybrid,,,1,2,1q⊗2t,55,0.994693416,0.002619782,4
DSATUR,hybrid,,,1,2,1q⊗2t,56,0.995811838,0.002423388,4
DSATUR,hybrid,,,1,2,1q⊗2t,57,0.995811838,0.002423389,4
DSATUR,hybrid,,,1,2,1q⊗2t,58,0.996292064,0.002640894,3
DSATUR,hybrid,,,1,2,1q⊗2t,59,0.997533521,0.00207891,3
DSATUR,hybrid,,,1,2,1q⊗2t,60,0.998512152,0.001605259,3
DSATUR,hybrid,,,1,2,1q⊗2t,61,1,1.99E-14,3
DSATUR,hybrid,,,1,2,1q⊗2t,62,1,7.99E-15,3
DSATUR,hybrid,,,1,2,1q⊗2t,63,1,1.28E-14,3
DSATUR,hybrid,,,1,2,1q⊗2t,64,1,1.25E-14,3
DSATUR,hybrid,,,1,2,1q⊗2t,65,1,1.64E-14,3
DSATUR,hybrid,,,1,2,1q⊗2t,66,1,7.69E-15,3
DSATUR,hybrid,,,1,2,1q⊗2t,67,1,4.35E-15,2
DSATUR,hybrid,,,1,2,1q⊗2t,68,1,1.47E-14,1
DSATUR,hybrid,,,2,1,2q⊗1t,1,0.865534798,0.010197813,10
DSATUR,hybrid,,,2,1,2q⊗1t,2,0.875273043,0.010090536,9
DSATUR,hybrid,,,2,1,2q⊗1t,3,0.887357205,0.011854097,8
DSATUR,hybrid,,,2,1,2q⊗1t,4,0.898148554,0.006978664,8
DSATUR,hybrid,,,2,1,2q⊗1t,5,0.904052714,0.006585365,8
DSATUR,hybrid,,,2,1,2q⊗1t,6,0.911031989,0.008335391,7
DSATUR,hybrid,,,2,1,2q⊗1t,7,0.921267768,0.007121167,7
DSATUR,hybrid,,,2,1,2q⊗1t,8,0.927499011,0.010813539,6
DSATUR,hybrid,,,2,1,2q⊗1t,9,0.932996972,0.009580563,6
DSATUR,hybrid,,,2,1,2q⊗1t,10,0.937847698,0.008546226,5
DSATUR,hybrid,,,2,1,2q⊗1t,11,0.941658885,0.00828,5
DSATUR,hybrid,,,2,1,2q⊗1t,12,0.945258715,0.006450758,5
DSATUR,hybrid,,,2,1,2q⊗1t,13,0.945214368,0.006083971,5
DSATUR,hybrid,,,2,1,2q⊗1t,14,0.950825037,0.00732761,4
DSATUR,hybrid,,,2,1,2q⊗1t,15,0.956640854,0.007022255,4
DSATUR,hybrid,,,2,1,2q⊗1t,16,0.960748118,0.005569218,4
DSATUR,hybrid,,,2,1,2q⊗1t,17,0.964334144,0.006745136,4
DSATUR,hybrid,,,2,1,2q⊗1t,18,0.972038814,0.007130024,4
DSATUR,hybrid,,,2,1,2q⊗1t,19,0.978657699,0.00343339,4
DSATUR,hybrid,,,2,1,2q⊗1t,20,0.980757362,0.003968982,4
DSATUR,hybrid,,,2,1,2q⊗1t,21,0.987698645,0.004838613,4
DSATUR,hybrid,,,2,1,2q⊗1t,22,0.993799617,0.003695859,4
DSATUR,hybrid,,,2,1,2q⊗1t,23,0.997689012,0.001315073,3
DSATUR,hybrid,,,2,1,2q⊗1t,24,0.998757308,0.001878019,3
DSATUR,hybrid,,,2,1,2q⊗1t,25,0.998757308,0.001878018,3
DSATUR,hybrid,,,2,1,2q⊗1t,26,0.998757308,0.001878019,3
DSATUR,hybrid,,,2,1,2q⊗1t,27,0.998757308,0.001878019,3
DSATUR,hybrid,,,2,1,2q⊗1t,28,1,4.07E-15,3
SC,qubit,2,2,2,0,,1,0.886558219,0.034357962,3
SC,qubit,2,2,2,0,,2,0.915653357,0.02196576,2
SC,qubit,2,2,2,0,,3,0.926956525,0.025497037,2
SC,qubit,2,2,2,0,,4,0.944392383,0.029663688,2
SC,qubit,2,2,2,0,,5,0.954150132,0.031418045,2
SC,qubit,2,2,2,0,,6,0.982019127,0.017562143,2
SC,qubit,2,2,2,0,,7,1,6.97E-15,2
SC,qubit,2,3,3,0,,1,0.876569014,0.020790683,7
SC,qubit,2,3,3,0,,2,0.889904989,0.018292046,4
SC,qubit,2,3,3,0,,3,0.90204305,0.016681618,4
SC,qubit,2,3,3,0,,4,0.911736539,0.016575472,4
SC,qubit,2,3,3,0,,5,0.919573379,0.016436389,4
SC,qubit,2,3,3,0,,6,0.926935784,0.015684931,4
SC,qubit,2,3,3,0,,7,0.938838941,0.015382232,4
SC,qubit,2,3,3,0,,8,0.941021868,0.01533244,4
SC,qubit,2,3,3,0,,9,0.945493001,0.012573588,4
SC,qubit,2,3,3,0,,10,0.952219297,0.009834058,4
SC,qubit,2,3,3,0,,11,0.96562857,0.014065397,4
SC,qubit,2,3,3,0,,12,0.973165655,0.009904801,3
SC,qubit,2,3,3,0,,13,0.98103688,0.004739162,3
SC,qubit,2,3,3,0,,14,0.98511493,0.00470578,3
SC,qubit,2,3,3,0,,15,0.99030121,0.004930784,3
SC,qubit,2,3,3,0,,16,0.993716186,0.006357267,2
SC,qubit,2,3,3,0,,17,1,8.45E-15,2
SC,qubit,2,4,4,0,,1,0.861867915,0.006773948,15
SC,qubit,2,4,4,0,,2,0.871372952,0.007517949,8
SC,qubit,2,4,4,0,,3,0.878917575,0.007611752,8
SC,qubit,2,4,4,0,,4,0.885969218,0.007253819,8
SC,qubit,2,4,4,0,,5,0.891597247,0.008223148,8
SC,qubit,2,4,4,0,,6,0.899477789,0.007912098,8
SC,qubit,2,4,4,0,,7,0.905966748,0.008583725,8
SC,qubit,2,4,4,0,,8,0.911567049,0.00816833,8
SC,qubit,2,4,4,0,,9,0.916000461,0.008768694,8
SC,qubit,2,4,4,0,,10,0.922881639,0.008409791,8
SC,qubit,2,4,4,0,,11,0.928186671,0.008332896,8
SC,qubit,2,4,4,0,,12,0.93414118,0.006958357,8
SC,qubit,2,4,4,0,,13,0.941691868,0.005480026,8
SC,qubit,2,4,4,0,,14,0.947097472,0.007199327,8
SC,qubit,2,4,4,0,,15,0.951506117,0.006648663,8
SC,qubit,2,4,4,0,,16,0.956137624,0.006523264,8
SC,qubit,2,4,4,0,,17,0.963665789,0.005194513,8
SC,qubit,2,4,4,0,,18,0.969277899,0.006340974,8
SC,qubit,2,4,4,0,,19,0.971908325,0.006399812,6
SC,qubit,2,4,4,0,,20,0.975464285,0.004949537,6
SC,qubit,2,4,4,0,,21,0.977506644,0.005854179,6
SC,qubit,2,4,4,0,,22,0.978205232,0.005802023,6
SC,qubit,2,4,4,0,,23,0.980510062,0.00493403,6
SC,qubit,2,4,4,0,,24,0.984551601,0.005428193,6
SC,qubit,2,4,4,0,,25,0.986342886,0.004914157,6
SC,qubit,2,4,4,0,,26,0.990522377,0.00325451,6
SC,qubit,2,4,4,0,,27,0.990522377,0.003254509,5
SC,qubit,2,4,4,0,,28,0.99362364,0.003715182,5
SC,qubit,2,4,4,0,,29,0.995339367,0.002464771,5
SC,qubit,2,4,4,0,,30,0.998240589,0.002128585,5
SC,qubit,2,4,4,0,,31,0.998240589,0.002128585,5
SC,qubit,2,4,4,0,,32,0.998240589,0.002128585,5
SC,qubit,2,4,4,0,,33,0.9996377,9.05E-15,5
SC,qubit,2,4,4,0,,34,0.9998047,9.99E-15,4
SC,qubit,2,4,4,0,,35,0.99994076,1.00E-14,4
SC,qubit,2,4,4,0,,36,1,9.01E-15,4
SC,qubit,2,4,4,0,,37,1,7.55E-15,4
SC,qubit,2,4,4,0,,38,1,2.08E-14,3
SC,qubit,2,4,4,0,,39,1,1.26E-14,2
SC,qubit,2,5,5,0,,1,0.853636385,0.00402961,31
SC,qubit,2,5,5,0,,2,0.858423382,0.004129803,16
SC,qubit,2,5,5,0,,3,0.862947167,0.004418843,16
SC,qubit,2,5,5,0,,4,0.867496857,0.004742182,16
SC,qubit,2,5,5,0,,5,0.872204511,0.005350767,16
SC,qubit,2,5,5,0,,6,0.876746356,0.005175758,16
SC,qubit,2,5,5,0,,7,0.880700038,0.004760316,16
SC,qubit,2,5,5,0,,8,0.885259087,0.004529822,16
SC,qubit,2,5,5,0,,9,0.888970367,0.004440288,16
SC,qubit,2,5,5,0,,10,0.893148297,0.004225456,16
SC,qubit,2,5,5,0,,11,0.896397937,0.004019028,16
SC,qubit,2,5,5,0,,12,0.899822162,0.003847973,16
SC,qubit,2,5,5,0,,13,0.90392156,0.004577802,16
SC,qubit,2,5,5,0,,14,0.906907094,0.004768654,16
SC,qubit,2,5,5,0,,15,0.909764367,0.005242518,16
SC,qubit,2,5,5,0,,16,0.912746763,0.004655064,16
SC,qubit,2,5,5,0,,17,0.915008189,0.005008477,16
SC,qubit,2,5,5,0,,18,0.918225484,0.005343965,16
SC,qubit,2,5,5,0,,19,0.920893474,0.00463721,16
SC,qubit,2,5,5,0,,20,0.923854964,0.004825464,16
SC,qubit,2,5,5,0,,21,0.92712938,0.00482154,16
SC,qubit,2,5,5,0,,22,0.931355025,0.005006096,16
SC,qubit,2,5,5,0,,23,0.93407633,0.004981279,16
SC,qubit,2,5,5,0,,24,0.937216928,0.004890145,16
SC,qubit,2,5,5,0,,25,0.941495962,0.00466868,16
SC,qubit,2,5,5,0,,26,0.945415863,0.004900861,16
SC,qubit,2,5,5,0,,27,0.948820718,0.004131664,16
SC,qubit,2,5,5,0,,28,0.952368537,0.004505684,16
SC,qubit,2,5,5,0,,29,0.956572887,0.004207723,16
SC,qubit,2,5,5,0,,30,0.960220661,0.004138133,16
SC,qubit,2,5,5,0,,31,0.962632873,0.004250325,16
SC,qubit,2,5,5,0,,32,0.967090862,0.003601688,12
SC,qubit,2,5,5,0,,33,0.970517094,0.004087137,12
SC,qubit,2,5,5,0,,34,0.974389327,0.00427183,12
SC,qubit,2,5,5,0,,35,0.97845046,0.00359413,12
SC,qubit,2,5,5,0,,36,0.982119069,0.002843009,12
SC,qubit,2,5,5,0,,37,0.984763994,0.002956826,12
SC,qubit,2,5,5,0,,38,0.984958253,0.002997244,12
SC,qubit,2,5,5,0,,39,0.986155231,0.002797687,12
SC,qubit,2,5,5,0,,40,0.986386364,0.00295006,12
SC,qubit,2,5,5,0,,41,0.986807786,0.002794288,12
SC,qubit,2,5,5,0,,42,0.987024612,0.002661057,12
SC,qubit,2,5,5,0,,43,0.987682151,0.002399512,12
SC,qubit,2,5,5,0,,44,0.988545295,0.002464642,12
SC,qubit,2,5,5,0,,45,0.990285559,0.00270233,12
SC,qubit,2,5,5,0,,46,0.990650173,0.002789436,12
SC,qubit,2,5,5,0,,47,0.990650173,0.002789436,10
SC,qubit,2,5,5,0,,48,0.991591338,0.00266846,10
SC,qubit,2,5,5,0,,49,0.99209222,0.002617511,10
SC,qubit,2,5,5,0,,50,0.993766129,0.001734328,10
SC,qubit,2,5,5,0,,51,0.994255885,0.001790582,10
SC,qubit,2,5,5,0,,52,0.994255885,0.001790581,10
SC,qubit,2,5,5,0,,53,0.994730801,0.002087081,10
SC,qubit,2,5,5,0,,54,0.994730801,0.002087081,10
SC,qubit,2,5,5,0,,55,0.995697991,0.001976718,10
SC,qubit,2,5,5,0,,56,0.996312378,0.001645617,10
SC,qubit,2,5,5,0,,57,0.996783909,0.001522688,10
SC,qubit,2,5,5,0,,58,0.996983909,0.001522688,10
SC,qubit,2,5,5,0,,59,0.997283909,0.001522688,10
SC,qubit,2,5,5,0,,60,0.997509217,0.00049826,10
SC,qubit,2,5,5,0,,61,0.998009217,0.00049826,9
SC,qubit,2,5,5,0,,62,0.998364,1.18E-14,9
SC,qubit,2,5,5,0,,63,0.9985366,2.18E-14,9
SC,qubit,2,5,5,0,,64,0.9987204,7.10E-15,8
SC,qubit,2,5,5,0,,65,0.9988336,3.16E-14,8
SC,qubit,2,5,5,0,,66,0.998905,5.74E-14,8
SC,qubit,2,5,5,0,,67,0.9991107,2.28E-14,8
SC,qubit,2,5,5,0,,68,0.9992674,4.63E-14,8
SC,qubit,2,5,5,0,,69,0.9993844,6.86E-14,8
SC,qubit,2,5,5,0,,70,0.99941087,4.02E-14,8
SC,qubit,2,5,5,0,,71,0.9995243,4.62E-14,8
SC,qubit,2,5,5,0,,72,0.99959975,5.55E-14,8
SC,qubit,2,5,5,0,,73,0.9997353,1.78E-14,7
SC,qubit,2,5,5,0,,74,0.999866,4.93E-14,7
SC,qubit,2,5,5,0,,75,0.999885,2.74E-14,7
SC,qubit,2,5,5,0,,76,0.9999005,5.69E-14,7
SC,qubit,2,5,5,0,,77,0.999936,2.42E-14,7
SC,qubit,2,5,5,0,,78,0.9999647,2.09E-14,7
SC,qubit,2,5,5,0,,79,0.9999788,6.36E-14,7
SC,qubit,2,5,5,0,,80,1,2.38E-14,6
SC,qubit,2,5,5,0,,81,1,2.31E-14,6
SC,qubit,2,5,5,0,,82,1,3.39E-14,6
SC,qubit,2,5,5,0,,83,1,3.20E-14,5
SC,qubit,2,5,5,0,,84,1,5.45E-14,5
SC,qubit,2,5,5,0,,85,1,4.63E-14,5
SC,qubit,2,5,5,0,,86,1,2.83E-14,4
SC,qubit,2,5,5,0,,87,1,2.77E-14,4
SC,qubit,2,5,5,0,,88,1,1.79E-14,3
SC,qutrit,3,2,0,2,,1,0.864894311,0.029960524,8
SC,qutrit,3,2,0,2,,2,0.878999906,0.037264926,5
SC,qutrit,3,2,0,2,,3,0.885412929,0.03492264,5
SC,qutrit,3,2,0,2,,4,0.901022189,0.029608653,3
SC,qutrit,3,2,0,2,,5,0.905501944,0.030588482,3
SC,qutrit,3,2,0,2,,6,0.911589095,0.030494538,3
SC,qutrit,3,2,0,2,,7,0.918760147,0.030118097,3
SC,qutrit,3,2,0,2,,8,0.927100166,0.022994633,2
SC,qutrit,3,2,0,2,,9,0.928825545,0.024166556,2
SC,qutrit,3,2,0,2,,10,0.931915736,0.024394674,2
SC,qutrit,3,2,0,2,,11,0.937540952,0.026664453,2
SC,qutrit,3,2,0,2,,12,0.938982231,0.027089215,2
SC,qutrit,3,2,0,2,,13,0.941990527,0.027799919,2
SC,qutrit,3,2,0,2,,14,0.944465206,0.023235733,2
SC,qutrit,3,2,0,2,,15,0.947382822,0.025942301,2
SC,qutrit,3,2,0,2,,16,0.954872214,0.020782018,2
SC,qutrit,3,2,0,2,,17,0.956897258,0.01992679,2
SC,qutrit,3,2,0,2,,18,0.958250565,0.020494994,2
SC,qutrit,3,2,0,2,,19,0.961766517,0.020544806,2
SC,qutrit,3,2,0,2,,20,0.962875596,0.019469573,2
SC,qutrit,3,2,0,2,,21,0.964394862,0.018322613,2
SC,qutrit,3,2,0,2,,22,0.967372546,0.017854711,2
SC,qutrit,3,2,0,2,,23,0.970236233,0.015942799,2
SC,qutrit,3,2,0,2,,24,0.970236234,0.015942799,2
SC,qutrit,3,2,0,2,,25,0.972853952,0.016910663,2
SC,qutrit,3,2,0,2,,26,0.975545783,0.015324387,2
SC,qutrit,3,2,0,2,,27,0.980030012,0.013097362,2
SC,qutrit,3,2,0,2,,28,0.980897383,0.013107121,2
SC,qutrit,3,2,0,2,,29,0.981823815,0.011702675,2
SC,qutrit,3,2,0,2,,30,0.986260274,0.010495741,2
SC,qutrit,3,2,0,2,,31,0.995795732,0.004629555,2
SC,qutrit,3,2,0,2,,32,1,2.43E-14,2
SC,qutrit,3,3,0,3,,1,0.858932856,0.008712432,26
SC,qutrit,3,3,0,3,,2,0.862492356,0.008281873,19
SC,qutrit,3,3,0,3,,3,0.866089303,0.007811744,19
SC,qutrit,3,3,0,3,,4,0.869370272,0.007161712,10
SC,qutrit,3,3,0,3,,5,0.872279892,0.006928364,10
SC,qutrit,3,3,0,3,,6,0.87612566,0.007043679,9
SC,qutrit,3,3,0,3,,7,0.878137066,0.007249545,8
SC,qutrit,3,3,0,3,,8,0.879502224,0.007876096,8
SC,qutrit,3,3,0,3,,9,0.882460694,0.007776659,8
SC,qutrit,3,3,0,3,,10,0.886132802,0.007693822,8
SC,qutrit,3,3,0,3,,11,0.888083112,0.007211206,8
SC,qutrit,3,3,0,3,,12,0.890319714,0.006811264,8
SC,qutrit,3,3,0,3,,13,0.892833725,0.007202434,8
SC,qutrit,3,3,0,3,,14,0.895159062,0.007807224,8
SC,qutrit,3,3,0,3,,15,0.898214299,0.008255702,8
SC,qutrit,3,3,0,3,,16,0.900843399,0.008558081,8
SC,qutrit,3,3,0,3,,17,0.90271234,0.007924223,8
SC,qutrit,3,3,0,3,,18,0.904099067,0.00720863,8
SC,qutrit,3,3,0,3,,19,0.907732533,0.006855601,7
SC,qutrit,3,3,0,3,,20,0.911929804,0.006704397,7
SC,qutrit,3,3,0,3,,21,0.915952989,0.006424495,7
SC,qutrit,3,3,0,3,,22,0.919849157,0.006490036,7
SC,qutrit,3,3,0,3,,23,0.920162042,0.006513534,7
SC,qutrit,3,3,0,3,,24,0.920574115,0.00678353,7
SC,qutrit,3,3,0,3,,25,0.921422504,0.0067871,6
SC,qutrit,3,3,0,3,,26,0.921700544,0.00683642,6
SC,qutrit,3,3,0,3,,27,0.922326147,0.007094556,6
SC,qutrit,3,3,0,3,,28,0.923277928,0.007275087,6
SC,qutrit,3,3,0,3,,29,0.92460264,0.006804579,6
SC,qutrit,3,3,0,3,,30,0.925113994,0.00657867,6
SC,qutrit,3,3,0,3,,31,0.925745226,0.006217501,6
SC,qutrit,3,3,0,3,,32,0.926945895,0.00617733,6
SC,qutrit,3,3,0,3,,33,0.929167529,0.005433053,6
SC,qutrit,3,3,0,3,,34,0.931099974,0.004553788,6
SC,qutrit,3,3,0,3,,35,0.932571085,0.003994108,6
SC,qutrit,3,3,0,3,,36,0.933810136,0.004576989,6
SC,qutrit,3,3,0,3,,37,0.934945396,0.004148203,6
SC,qutrit,3,3,0,3,,38,0.935628848,0.003693077,6
SC,qutrit,3,3,0,3,,39,0.937421048,0.004376271,6
SC,qutrit,3,3,0,3,,40,0.938200658,0.004653065,6
SC,qutrit,3,3,0,3,,41,0.938225543,0.004684918,6
SC,qutrit,3,3,0,3,,42,0.939252448,0.005046552,6
SC,qutrit,3,3,0,3,,43,0.93995261,0.004958732,6
SC,qutrit,3,3,0,3,,44,0.940890355,0.005177063,6
SC,qutrit,3,3,0,3,,45,0.941715469,0.004888699,6
SC,qutrit,3,3,0,3,,46,0.942356188,0.004183101,5
SC,qutrit,3,3,0,3,,47,0.943170953,0.004181282,5
SC,qutrit,3,3,0,3,,48,0.944055406,0.00462866,5
SC,qutrit,3,3,0,3,,49,0.944724286,0.004593134,5
SC,qutrit,3,3,0,3,,50,0.946271617,0.004544437,5
SC,qutrit,3,3,0,3,,51,0.947227873,0.003963263,5
SC,qutrit,3,3,0,3,,52,0.947879808,0.004053874,5
SC,qutrit,3,3,0,3,,53,0.949557109,0.004420948,5
SC,qutrit,3,3,0,3,,54,0.949990912,0.004309796,5
SC,qutrit,3,3,0,3,,55,0.951196983,0.004183102,5
SC,qutrit,3,3,0,3,,56,0.951196983,0.004183102,5
SC,qutrit,3,3,0,3,,57,0.95295027,0.00339617,5
SC,qutrit,3,3,0,3,,58,0.955357341,0.003696692,5
SC,qutrit,3,3,0,3,,59,0.955286819,0.003714731,5
SC,qutrit,3,3,0,3,,60,0.955717295,0.00382121,5
SC,qutrit,3,3,0,3,,61,0.955930324,0.004075928,5
SC,qutrit,3,3,0,3,,62,0.956232486,0.004627422,5
SC,qutrit,3,3,0,3,,63,0.956620253,0.004800543,5
SC,qutrit,3,3,0,3,,64,0.957599237,0.004498838,5
SC,qutrit,3,3,0,3,,65,0.959562166,0.004710058,5
SC,qutrit,3,3,0,3,,66,0.961069019,0.003888638,4
SC,qutrit,3,3,0,3,,67,0.961904429,0.004328027,4
SC,qutrit,3,3,0,3,,68,0.963709066,0.003695168,4
SC,qutrit,3,3,0,3,,69,0.964085114,0.003864896,4
SC,qutrit,3,3,0,3,,70,0.966184892,0.004355064,4
SC,qutrit,3,3,0,3,,71,0.966627333,0.004217239,4
SC,qutrit,3,3,0,3,,72,0.967764916,0.003816781,4
SC,qutrit,3,3,0,3,,73,0.968478989,0.004124951,4
SC,qutrit,3,3,0,3,,74,0.968478989,0.004124952,4
SC,qutrit,3,3,0,3,,75,0.969002071,0.003927931,4
SC,qutrit,3,3,0,3,,76,0.969781455,0.003788393,4
SC,qutrit,3,3,0,3,,77,0.970691947,0.003544563,4
SC,qutrit,3,3,0,3,,78,0.971903739,0.003252763,4
SC,qutrit,3,3,0,3,,79,0.97299163,0.003182791,4
SC,qutrit,3,3,0,3,,80,0.974790924,0.002873744,4
SC,qutrit,3,3,0,3,,81,0.976115017,0.003006128,4
SC,qutrit,3,3,0,3,,82,0.976513256,0.00309406,4
SC,qutrit,3,3,0,3,,83,0.977326231,0.003652016,4
SC,qutrit,3,3,0,3,,84,0.978001587,0.003648154,4
SC,qutrit,3,3,0,3,,85,0.979294314,0.002830449,4
SC,qutrit,3,3,0,3,,86,0.9796331,0.002567752,4
SC,qutrit,3,3,0,3,,87,0.979866901,0.002593513,4
SC,qutrit,3,3,0,3,,88,0.98029364,0.002647188,4
SC,qutrit,3,3,0,3,,89,0.980293639,0.002647189,4
SC,qutrit,3,3,0,3,,90,0.981197262,0.002700108,4
SC,qutrit,3,3,0,3,,91,0.981605592,0.002732542,4
SC,qutrit,3,3,0,3,,92,0.981721391,0.002897365,4
SC,qutrit,3,3,0,3,,93,0.982569548,0.002867073,4
SC,qutrit,3,3,0,3,,94,0.98274864,0.002918375,4
SC,qutrit,3,3,0,3,,95,0.983898389,0.002876333,4
SC,qutrit,3,3,0,3,,96,0.984500676,0.003061683,4
SC,qutrit,3,3,0,3,,97,0.985613158,0.00205026,4
SC,qutrit,3,3,0,3,,98,0.98618658,0.001725115,4
SC,qutrit,3,3,0,3,,99,0.98710399,0.001485457,4
SC,qutrit,3,3,0,3,,100,0.987696318,0.001967421,4
SC,qutrit,3,3,0,3,,101,0.988343069,0.001692163,4
SC,qutrit,3,3,0,3,,102,0.988520029,0.001889828,4
SC,qutrit,3,3,0,3,,103,0.989288084,0.001700635,4
SC,qutrit,3,3,0,3,,104,0.989749678,0.001783826,4
SC,qutrit,3,3,0,3,,105,0.989749678,0.001783826,4
SC,qutrit,3,3,0,3,,106,0.990738818,0.001987245,4
SC,qutrit,3,3,0,3,,107,0.991834813,0.00150085,4
SC,qutrit,3,3,0,3,,108,0.992931218,0.001636395,4
SC,qutrit,3,3,0,3,,109,0.993390273,0.001607228,4
SC,qutrit,3,3,0,3,,110,0.993390272,0.001607226,4
SC,qutrit,3,3,0,3,,111,0.993796131,0.001311262,4
SC,qutrit,3,3,0,3,,112,0.993931364,0.001327629,4
SC,qutrit,3,3,0,3,,113,0.994767015,0.001361632,4
SC,qutrit,3,3,0,3,,114,0.995451973,0.001617595,4
SC,qutrit,3,3,0,3,,115,0.996006927,0.001816016,4
SC,qutrit,3,3,0,3,,116,0.996442365,0.001391455,4
SC,qutrit,3,3,0,3,,117,0.996528218,0.001480635,4
SC,qutrit,3,3,0,3,,118,0.997572855,0.001785573,3
SC,qutrit,3,3,0,3,,119,0.997929554,0.00173928,3
SC,qutrit,3,3,0,3,,120,0.997929554,0.00173928,3
SC,qutrit,3,3,0,3,,121,0.997929554,0.00173928,3
SC,qutrit,3,3,0,3,,122,0.997929554,0.00173928,3
SC,qutrit,3,3,0,3,,123,0.997929554,0.00173928,3
SC,qutrit,3,3,0,3,,124,0.997929554,0.00173928,3
SC,qutrit,3,3,0,3,,125,0.998275721,0.001351074,3
SC,qutrit,3,3,0,3,,126,0.998275721,0.001351073,3
SC,qutrit,3,3,0,3,,127,0.998275722,0.001351074,3
SC,qutrit,3,3,0,3,,128,0.998275721,0.001351074,3
SC,qutrit,3,3,0,3,,129,0.998275721,0.001351073,3
SC,qutrit,3,3,0,3,,130,0.998275721,0.001351074,3
SC,qutrit,3,3,0,3,,131,0.998275722,0.001351074,3
SC,qutrit,3,3,0,3,,132,0.998275721,0.001351073,3
SC,qutrit,3,3,0,3,,133,0.998275721,0.001351074,3
SC,qutrit,3,3,0,3,,134,0.998539748,0.001048411,3
SC,qutrit,3,3,0,3,,135,0.999144246,0.000661819,3
SC,qutrit,3,3,0,3,,136,0.999144246,0.000661819,3
SC,qutrit,3,3,0,3,,137,0.999144246,0.000661819,2
SC,qutrit,3,3,0,3,,138,0.999144246,0.000661819,2
SC,qutrit,3,3,0,3,,139,0.999144246,0.000661819,2
SC,hybrid,,,1,1,1q⊗1t,1,0.874854911,0.033416606,5
SC,hybrid,,,1,1,1q⊗1t,2,0.883589208,0.029655097,4
SC,hybrid,,,1,1,1q⊗1t,3,0.900174721,0.032589809,4
SC,hybrid,,,1,1,1q⊗1t,4,0.91342174,0.029377079,2
SC,hybrid,,,1,1,1q⊗1t,5,0.918264607,0.029638152,2
SC,hybrid,,,1,1,1q⊗1t,6,0.924640058,0.0275522,2
SC,hybrid,,,1,1,1q⊗1t,7,0.932709242,0.02218358,2
SC,hybrid,,,1,1,1q⊗1t,8,0.947661222,0.01965754,2
SC,hybrid,,,1,1,1q⊗1t,9,0.950064979,0.02066488,2
SC,hybrid,,,1,1,1q⊗1t,10,0.965370656,0.022997352,2
SC,hybrid,,,1,1,1q⊗1t,11,0.971058477,0.023925293,2
SC,hybrid,,,1,1,1q⊗1t,12,0.972820316,0.023456549,2
SC,hybrid,,,1,1,1q⊗1t,13,0.984501895,0.020704956,2
SC,hybrid,,,1,1,1q⊗1t,14,1,4.62E-15,2
SC,hybrid,,,1,2,1q⊗2t,1,0.859831007,0.012299204,17
SC,hybrid,,,1,2,1q⊗2t,2,0.867646952,0.011458847,14
SC,hybrid,,,1,2,1q⊗2t,3,0.873450955,0.010504106,14
SC,hybrid,,,1,2,1q⊗2t,4,0.878801745,0.009509928,8
SC,hybrid,,,1,2,1q⊗2t,5,0.884040311,0.008493584,8
SC,hybrid,,,1,2,1q⊗2t,6,0.88967396,0.006258517,7
SC,hybrid,,,1,2,1q⊗2t,7,0.895046796,0.006184087,7
SC,hybrid,,,1,2,1q⊗2t,8,0.899757662,0.00636565,7
SC,hybrid,,,1,2,1q⊗2t,9,0.904555296,0.006005498,6
SC,hybrid,,,1,2,1q⊗2t,10,0.908515908,0.007193215,6
SC,hybrid,,,1,2,1q⊗2t,11,0.911542801,0.007701414,6
SC,hybrid,,,1,2,1q⊗2t,12,0.913976199,0.007463181,6
SC,hybrid,,,1,2,1q⊗2t,13,0.917810806,0.006082729,6
SC,hybrid,,,1,2,1q⊗2t,14,0.920243306,0.005034491,6
SC,hybrid,,,1,2,1q⊗2t,15,0.924156772,0.006182731,5
SC,hybrid,,,1,2,1q⊗2t,16,0.926888869,0.005899002,5
SC,hybrid,,,1,2,1q⊗2t,17,0.930460974,0.007385565,5
SC,hybrid,,,1,2,1q⊗2t,18,0.934539031,0.005582213,5
SC,hybrid,,,1,2,1q⊗2t,19,0.936275456,0.005697727,5
SC,hybrid,,,1,2,1q⊗2t,20,0.940511369,0.006762631,5
SC,hybrid,,,1,2,1q⊗2t,21,0.945158282,0.007193547,5
SC,hybrid,,,1,2,1q⊗2t,22,0.94837324,0.006092325,4
SC,hybrid,,,1,2,1q⊗2t,23,0.953118636,0.005159495,4
SC,hybrid,,,1,2,1q⊗2t,24,0.956771574,0.004750431,4
SC,hybrid,,,1,2,1q⊗2t,25,0.959471625,0.003362594,4
SC,hybrid,,,1,2,1q⊗2t,26,0.961169917,0.003829671,4
SC,hybrid,,,1,2,1q⊗2t,27,0.961805936,0.003349534,4
SC,hybrid,,,1,2,1q⊗2t,28,0.961805936,0.003349534,4
SC,hybrid,,,1,2,1q⊗2t,29,0.961805936,0.003349535,4
SC,hybrid,,,1,2,1q⊗2t,30,0.963013486,0.003488449,4
SC,hybrid,,,1,2,1q⊗2t,31,0.967075209,0.002998925,4
SC,hybrid,,,1,2,1q⊗2t,32,0.971508932,0.001528838,4
SC,hybrid,,,1,2,1q⊗2t,33,0.973718644,0.002083681,4
SC,hybrid,,,1,2,1q⊗2t,34,0.975160635,0.002561161,4
SC,hybrid,,,1,2,1q⊗2t,35,0.977620372,0.002799275,4
SC,hybrid,,,1,2,1q⊗2t,36,0.978001105,0.002704148,4
SC,hybrid,,,1,2,1q⊗2t,37,0.979215767,0.001887064,4
SC,hybrid,,,1,2,1q⊗2t,38,0.979574078,0.002198647,4
SC,hybrid,,,1,2,1q⊗2t,39,0.979574078,0.002198647,4
SC,hybrid,,,1,2,1q⊗2t,40,0.979574078,0.002198647,4
SC,hybrid,,,1,2,1q⊗2t,41,0.980819183,0.002531291,4
SC,hybrid,,,1,2,1q⊗2t,42,0.983802843,0.002436668,4
SC,hybrid,,,1,2,1q⊗2t,43,0.989362812,0.003497156,4
SC,hybrid,,,1,2,1q⊗2t,44,0.992925359,0.00296666,4
SC,hybrid,,,1,2,1q⊗2t,45,0.994523594,0.002377169,4
SC,hybrid,,,1,2,1q⊗2t,46,0.994523594,0.002377171,4
SC,hybrid,,,1,2,1q⊗2t,47,0.994523594,0.002377171,4
SC,hybrid,,,1,2,1q⊗2t,48,0.996491824,0.001867901,4
SC,hybrid,,,1,2,1q⊗2t,49,0.996491824,0.001867901,4
SC,hybrid,,,1,2,1q⊗2t,50,0.996491825,0.001867901,4
SC,hybrid,,,1,2,1q⊗2t,51,0.998202322,0.001840746,4
SC,hybrid,,,1,2,1q⊗2t,52,0.998202322,0.001840746,3
SC,hybrid,,,1,2,1q⊗2t,53,0.998202322,0.001840746,3
SC,hybrid,,,1,2,1q⊗2t,54,0.998202322,0.001840746,3
SC,hybrid,,,1,2,1q⊗2t,55,0.998202322,0.001840746,3
SC,hybrid,,,1,2,1q⊗2t,56,0.998202322,0.001840747,3
SC,hybrid,,,1,2,1q⊗2t,57,0.998202322,0.001840746,3
SC,hybrid,,,1,2,1q⊗2t,58,0.998202322,0.001840747,3
SC,hybrid,,,1,2,1q⊗2t,59,0.998202321,0.001840746,3
SC,hybrid,,,1,2,1q⊗2t,60,0.998202322,0.001840746,3
SC,hybrid,,,1,2,1q⊗2t,61,0.998202322,0.001840746,3
SC,hybrid,,,1,2,1q⊗2t,62,1,1.63E-14,3
SC,hybrid,,,1,2,1q⊗2t,63,1,2.21E-14,3
SC,hybrid,,,1,2,1q⊗2t,64,1,5.54E-14,3
SC,hybrid,,,1,2,1q⊗2t,65,1,1.57E-14,2
SC,hybrid,,,1,2,1q⊗2t,66,1,1.46E-14,2
SC,hybrid,,,1,2,1q⊗2t,67,1,2.29E-14,2
SC,hybrid,,,1,2,1q⊗2t,68,1,3.13E-14,2
SC,hybrid,,,1,2,1q⊗2t,69,1,6.83E-15,2
SC,hybrid,,,1,2,1q⊗2t,70,1,4.39E-14,1
SC,hybrid,,,2,1,2q⊗1t,1,0.869837522,0.011563881,11
SC,hybrid,,,2,1,2q⊗1t,2,0.87909514,0.011314066,8
SC,hybrid,,,2,1,2q⊗1t,3,0.886613412,0.012472264,8
SC,hybrid,,,2,1,2q⊗1t,4,0.897705602,0.011738983,7
SC,hybrid,,,2,1,2q⊗1t,5,0.904962507,0.012638354,7
SC,hybrid,,,2,1,2q⊗1t,6,0.914754429,0.007974361,7
SC,hybrid,,,2,1,2q⊗1t,7,0.920979232,0.006418324,6
SC,hybrid,,,2,1,2q⊗1t,8,0.926361638,0.010844104,5
SC,hybrid,,,2,1,2q⊗1t,9,0.930919019,0.011859146,5
SC,hybrid,,,2,1,2q⊗1t,10,0.934743544,0.011706027,4
SC,hybrid,,,2,1,2q⊗1t,11,0.938879316,0.011470525,4
SC,hybrid,,,2,1,2q⊗1t,12,0.941418435,0.009044516,4
SC,hybrid,,,2,1,2q⊗1t,13,0.94379197,0.008010585,4
SC,hybrid,,,2,1,2q⊗1t,14,0.947612878,0.007876907,4
SC,hybrid,,,2,1,2q⊗1t,15,0.950750177,0.007036677,4
SC,hybrid,,,2,1,2q⊗1t,16,0.95651015,0.005174633,4
SC,hybrid,,,2,1,2q⊗1t,17,0.959514994,0.005410113,4
SC,hybrid,,,2,1,2q⊗1t,18,0.962650003,0.003051998,4
SC,hybrid,,,2,1,2q⊗1t,19,0.965349114,0.003383617,4
SC,hybrid,,,2,1,2q⊗1t,20,0.967180837,0.004392174,4
SC,hybrid,,,2,1,2q⊗1t,21,0.970393686,0.002792631,4
SC,hybrid,,,2,1,2q⊗1t,22,0.976888018,0.005054715,4
SC,hybrid,,,2,1,2q⊗1t,23,0.987212257,0.00353944,4
SC,hybrid,,,2,1,2q⊗1t,24,0.990879219,0.002882648,4
SC,hybrid,,,2,1,2q⊗1t,25,0.993274999,0.003619272,4
SC,hybrid,,,2,1,2q⊗1t,26,0.993274999,0.003619273,4
SC,hybrid,,,2,1,2q⊗1t,27,0.993274999,0.003619272,4
SC,hybrid,,,2,1,2q⊗1t,28,0.995983548,0.00287574,3
SC,hybrid,,,2,1,2q⊗1t,29,0.997242266,0.002089217,2
SC,hybrid,,,2,1,2q⊗1t,30,1,2.40E-15,2
RLF,qubit,2,2,2,0,,1,0.879331365,0.05024834,3
RLF,qubit,2,2,2,0,,2,0.9100227,0.050876345,2
RLF,qubit,2,2,2,0,,3,0.933219909,0.042153168,2
RLF,qubit,2,2,2,0,,4,0.95697268,0.04911084,2
RLF,qubit,2,2,2,0,,5,0.956748032,0.044314008,2
RLF,qubit,2,2,2,0,,6,0.965928915,0.03865942,2
RLF,qubit,2,2,2,0,,7,1,5.29E-15,2
RLF,qubit,2,3,3,0,,1,0.863276213,0.015283434,7
RLF,qubit,2,3,3,0,,2,0.879730966,0.019475936,4
RLF,qubit,2,3,3,0,,3,0.890257191,0.0191144,4
RLF,qubit,2,3,3,0,,4,0.896748508,0.020484637,4
RLF,qubit,2,3,3,0,,5,0.912302676,0.020954322,4
RLF,qubit,2,3,3,0,,6,0.916983974,0.018995284,4
RLF,qubit,2,3,3,0,,7,0.932250683,0.011806419,4
RLF,qubit,2,3,3,0,,8,0.940847263,0.008052384,4
RLF,qubit,2,3,3,0,,9,0.945335361,0.010318119,4
RLF,qubit,2,3,3,0,,10,0.958988082,0.006350053,4
RLF,qubit,2,3,3,0,,11,0.967863435,0.007614188,4
RLF,qubit,2,3,3,0,,12,0.975717992,0.007241136,4
RLF,qubit,2,3,3,0,,13,0.986402706,0.006718888,4
RLF,qubit,2,3,3,0,,14,0.991877546,0.004736752,4
RLF,qubit,2,3,3,0,,15,1,9.67E-14,4
RLF,qubit,2,4,4,0,,1,0.858398916,0.008058894,15
RLF,qubit,2,4,4,0,,2,0.866490041,0.008282274,8
RLF,qubit,2,4,4,0,,3,0.874213491,0.01133344,8
RLF,qubit,2,4,4,0,,4,0.880573898,0.010308433,8
RLF,qubit,2,4,4,0,,5,0.886632754,0.008632649,8
RLF,qubit,2,4,4,0,,6,0.893161667,0.0076696,8
RLF,qubit,2,4,4,0,,7,0.899780382,0.007159988,8
RLF,qubit,2,4,4,0,,8,0.905668906,0.006034616,8
RLF,qubit,2,4,4,0,,9,0.910792878,0.006195647,8
RLF,qubit,2,4,4,0,,10,0.919296993,0.005498398,8
RLF,qubit,2,4,4,0,,11,0.925182308,0.00624381,8
RLF,qubit,2,4,4,0,,12,0.930672817,0.006299438,8
RLF,qubit,2,4,4,0,,13,0.936081588,0.005954741,8
RLF,qubit,2,4,4,0,,14,0.942066663,0.00643605,8
RLF,qubit,2,4,4,0,,15,0.946534089,0.007327621,8
RLF,qubit,2,4,4,0,,16,0.952681215,0.007017018,8
RLF,qubit,2,4,4,0,,17,0.959562891,0.006559291,8
RLF,qubit,2,4,4,0,,18,0.969056991,0.006721242,8
RLF,qubit,2,4,4,0,,19,0.979686972,0.005462284,8
RLF,qubit,2,4,4,0,,20,0.987054011,0.00394984,8
RLF,qubit,2,4,4,0,,21,0.994269605,0.002845792,8
RLF,qubit,2,4,4,0,,22,0.998362164,0.001597072,8
RLF,qubit,2,4,4,0,,23,0.9990466,2.60E-14,8
RLF,qubit,2,4,4,0,,24,0.9993644,4.10E-14,8
RLF,qubit,2,4,4,0,,25,0.9996709,2.46E-14,8
RLF,qubit,2,4,4,0,,26,0.9997533,2.24E-14,8
RLF,qubit,2,4,4,0,,27,1,4.66E-14,8
RLF,qubit,2,4,4,0,,28,1,8.62E-14,8
RLF,qubit,2,4,4,0,,29,1,1.29E-14,8
RLF,qubit,2,4,4,0,,30,1,4.36E-14,8
RLF,qubit,2,4,4,0,,31,1,2.26E-14,8
RLF,qubit,2,5,5,0,,1,0.85374143,0.003373318,31
RLF,qubit,2,5,5,0,,2,0.858371097,0.003766633,30
RLF,qubit,2,5,5,0,,3,0.863413922,0.003933322,30
RLF,qubit,2,5,5,0,,4,0.868414329,0.003575073,30
RLF,qubit,2,5,5,0,,5,0.872083197,0.00332719,30
RLF,qubit,2,5,5,0,,6,0.875590433,0.002929737,30
RLF,qubit,2,5,5,0,,7,0.878731396,0.003232999,30
RLF,qubit,2,5,5,0,,8,0.883277574,0.00302913,16
RLF,qubit,2,5,5,0,,9,0.887500122,0.003231333,16
RLF,qubit,2,5,5,0,,10,0.891396009,0.002746628,16
RLF,qubit,2,5,5,0,,11,0.89547546,0.003236489,16
RLF,qubit,2,5,5,0,,12,0.899080578,0.00341421,16
RLF,qubit,2,5,5,0,,13,0.902948183,0.002694504,16
RLF,qubit,2,5,5,0,,14,0.906353359,0.003345724,16
RLF,qubit,2,5,5,0,,15,0.9089244,0.003818411,16
RLF,qubit,2,5,5,0,,16,0.91296638,0.003633528,16
RLF,qubit,2,5,5,0,,17,0.916324735,0.003825086,16
RLF,qubit,2,5,5,0,,18,0.919942473,0.002670782,16
RLF,qubit,2,5,5,0,,19,0.923559408,0.002388406,16
RLF,qubit,2,5,5,0,,20,0.926751563,0.003093191,16
RLF,qubit,2,5,5,0,,21,0.930410669,0.003747852,16
RLF,qubit,2,5,5,0,,22,0.933469907,0.004188062,16
RLF,qubit,2,5,5,0,,23,0.936874472,0.004037218,16
RLF,qubit,2,5,5,0,,24,0.939942623,0.003735997,16
RLF,qubit,2,5,5,0,,25,0.94395557,0.003534889,16
RLF,qubit,2,5,5,0,,26,0.94687116,0.00350583,16
RLF,qubit,2,5,5,0,,27,0.950471731,0.004181135,16
RLF,qubit,2,5,5,0,,28,0.953688512,0.004447788,16
RLF,qubit,2,5,5,0,,29,0.956857792,0.005059688,16
RLF,qubit,2,5,5,0,,30,0.960384954,0.003654278,16
RLF,qubit,2,5,5,0,,31,0.963921759,0.003855138,16
RLF,qubit,2,5,5,0,,32,0.966086052,0.003237789,16
RLF,qubit,2,5,5,0,,33,0.97052846,0.003735469,16
RLF,qubit,2,5,5,0,,34,0.972507571,0.002921959,16
RLF,qubit,2,5,5,0,,35,0.973979093,0.002159599,16
RLF,qubit,2,5,5,0,,36,0.975855663,0.001366144,16
RLF,qubit,2,5,5,0,,37,0.978994435,0.001981156,16
RLF,qubit,2,5,5,0,,38,0.979608006,0.000816875,16
RLF,qubit,2,5,5,0,,39,0.981644,1.23E-14,16
RLF,qubit,2,5,5,0,,40,0.982506,2.18E-14,16
RLF,qubit,2,5,5,0,,41,0.983372,1.23E-14,16
RLF,qubit,2,5,5,0,,42,0.9841759,1.34E-14,16
RLF,qubit,2,5,5,0,,43,0.985731,1.96E-14,16
RLF,qubit,2,5,5,0,,44,0.98699504,2.21E-14,16
RLF,qubit,2,5,5,0,,45,0.9880589,2.84E-14,16
RLF,qubit,2,5,5,0,,46,0.9894066,8.27E-15,12
RLF,qubit,2,5,5,0,,47,0.990859,1.75E-14,12
RLF,qubit,2,5,5,0,,48,0.9916554,1.21E-14,12
RLF,qubit,2,5,5,0,,49,0.9928565,3.17E-14,10
RLF,qubit,2,5,5,0,,50,0.9935312,1.91E-14,10
RLF,qubit,2,5,5,0,,51,0.9947718,2.08E-14,10
RLF,qubit,2,5,5,0,,52,0.9959066,2.91E-14,10
RLF,qubit,2,5,5,0,,53,0.9971382,1.96E-14,10
RLF,qubit,2,5,5,0,,54,0.998375,2.09E-14,10
RLF,qubit,2,5,5,0,,55,0.9991573,1.85E-14,10
RLF,qubit,2,5,5,0,,56,0.9994796,2.38E-14,10
RLF,qubit,2,5,5,0,,57,0.9996988,1.93E-14,10
RLF,qubit,2,5,5,0,,58,0.9998972,1.52E-14,10
RLF,qubit,2,5,5,0,,59,0.99996,1.42E-14,10
RLF,qubit,2,5,5,0,,60,1,1.59E-14,8
RLF,qubit,2,5,5,0,,61,1,6.65E-15,8
RLF,qubit,2,5,5,0,,62,1,2.80E-14,8
RLF,qubit,2,5,5,0,,63,1,2.32E-14,8
RLF,qutrit,3,2,0,2,,1,0.869771652,0.02036719,4
RLF,qutrit,3,2,0,2,,2,0.879553796,0.017961262,4
RLF,qutrit,3,2,0,2,,3,0.887976861,0.014869872,3
RLF,qutrit,3,2,0,2,,4,0.892945056,0.014530564,3
RLF,qutrit,3,2,0,2,,5,0.897768605,0.014116103,3
RLF,qutrit,3,2,0,2,,6,0.904760079,0.012235005,3
RLF,qutrit,3,2,0,2,,7,0.907531998,0.011385006,3
RLF,qutrit,3,2,0,2,,8,0.914379989,0.014151305,3
RLF,qutrit,3,2,0,2,,9,0.922067383,0.010445482,3
RLF,qutrit,3,2,0,2,,10,0.925129124,0.010436687,3
RLF,qutrit,3,2,0,2,,11,0.929330107,0.008444267,2
RLF,qutrit,3,2,0,2,,12,0.931800977,0.00711439,2
RLF,qutrit,3,2,0,2,,13,0.934170753,0.009625506,2
RLF,qutrit,3,2,0,2,,14,0.937082124,0.009980261,2
RLF,qutrit,3,2,0,2,,15,0.93935753,0.010378116,2
RLF,qutrit,3,2,0,2,,16,0.942107791,0.008682425,2
RLF,qutrit,3,2,0,2,,17,0.944518469,0.008017366,2
RLF,qutrit,3,2,0,2,,18,0.946873644,0.009069987,2
RLF,qutrit,3,2,0,2,,19,0.948833607,0.009481527,2
RLF,qutrit,3,2,0,2,,20,0.95544325,0.006053236,2
RLF,qutrit,3,2,0,2,,21,0.95791314,0.004995653,2
RLF,qutrit,3,2,0,2,,22,0.959973596,0.005139826,2
RLF,qutrit,3,2,0,2,,23,0.962751675,0.002901857,2
RLF,qutrit,3,2,0,2,,24,0.96831738,0.00703371,2
RLF,qutrit,3,2,0,2,,25,0.972406522,0.011209473,2
RLF,qutrit,3,2,0,2,,26,0.979705602,0.011063663,2
RLF,qutrit,3,2,0,2,,27,0.982558422,0.008338864,2
RLF,qutrit,3,2,0,2,,28,0.984146546,0.008396658,2
RLF,qutrit,3,2,0,2,,29,0.986078681,0.005512338,2
RLF,qutrit,3,2,0,2,,30,0.991018853,0.006033648,2
RLF,qutrit,3,2,0,2,,31,0.993397379,0.006354055,2
RLF,qutrit,3,2,0,2,,32,0.993397379,0.006354056,2
RLF,qutrit,3,2,0,2,,33,0.994977096,0.00609889,2
RLF,qutrit,3,2,0,2,,34,0.994977096,0.006098891,1
RLF,qutrit,3,2,0,2,,35,1,2.37E-15,1
RLF,qutrit,3,3,0,3,,1,0.858688329,0.004612602,8
RLF,qutrit,3,3,0,3,,2,0.862715166,0.004442354,6
RLF,qutrit,3,3,0,3,,3,0.864637527,0.004605724,6
RLF,qutrit,3,3,0,3,,4,0.86575736,0.004707508,6
RLF,qutrit,3,3,0,3,,5,0.868655635,0.004532168,6
RLF,qutrit,3,3,0,3,,6,0.873198415,0.003929622,6
RLF,qutrit,3,3,0,3,,7,0.876472463,0.00384344,6
RLF,qutrit,3,3,0,3,,8,0.880392591,0.003888271,6
RLF,qutrit,3,3,0,3,,9,0.885028355,0.00342894,6
RLF,qutrit,3,3,0,3,,10,0.88791845,0.002994002,6
RLF,qutrit,3,3,0,3,,11,0.891434326,0.003280389,6
RLF,qutrit,3,3,0,3,,12,0.893758148,0.003905433,6
RLF,qutrit,3,3,0,3,,13,0.89612913,0.003992164,6
RLF,qutrit,3,3,0,3,,14,0.896736158,0.004005448,6
RLF,qutrit,3,3,0,3,,15,0.899079936,0.004365535,6
RLF,qutrit,3,3,0,3,,16,0.902667426,0.005290359,6
RLF,qutrit,3,3,0,3,,17,0.904355229,0.004130553,6
RLF,qutrit,3,3,0,3,,18,0.905495314,0.004129621,6
RLF,qutrit,3,3,0,3,,19,0.905889682,0.003888255,6
RLF,qutrit,3,3,0,3,,20,0.909053647,0.002996423,6
RLF,qutrit,3,3,0,3,,21,0.91286403,0.002885151,6
RLF,qutrit,3,3,0,3,,22,0.91345169,0.002872934,5
RLF,qutrit,3,3,0,3,,23,0.91372411,0.003093139,5
RLF,qutrit,3,3,0,3,,24,0.915606731,0.002846599,5
RLF,qutrit,3,3,0,3,,25,0.918634706,0.002919863,5
RLF,qutrit,3,3,0,3,,26,0.919237534,0.003125421,5
RLF,qutrit,3,3,0,3,,27,0.919826674,0.002862705,5
RLF,qutrit,3,3,0,3,,28,0.920553309,0.002981636,5
RLF,qutrit,3,3,0,3,,29,0.921459457,0.003189278,5
RLF,qutrit,3,3,0,3,,30,0.923288577,0.00256326,5
RLF,qutrit,3,3,0,3,,31,0.924376232,0.002253525,5
RLF,qutrit,3,3,0,3,,32,0.924915006,0.002181171,5
RLF,qutrit,3,3,0,3,,33,0.926621077,0.002926515,5
RLF,qutrit,3,3,0,3,,34,0.927344401,0.002868782,5
RLF,qutrit,3,3,0,3,,35,0.928061772,0.002635099,5
RLF,qutrit,3,3,0,3,,36,0.929074734,0.002644369,5
RLF,qutrit,3,3,0,3,,37,0.930795506,0.002420718,5
RLF,qutrit,3,3,0,3,,38,0.932130715,0.003036775,5
RLF,qutrit,3,3,0,3,,39,0.933912196,0.002677517,5
RLF,qutrit,3,3,0,3,,40,0.934242472,0.002884545,5
RLF,qutrit,3,3,0,3,,41,0.936947659,0.002560359,5
RLF,qutrit,3,3,0,3,,42,0.939502618,0.002605771,5
RLF,qutrit,3,3,0,3,,43,0.940532044,0.002749815,5
RLF,qutrit,3,3,0,3,,44,0.941759638,0.002464075,5
RLF,qutrit,3,3,0,3,,45,0.944305344,0.003028697,4
RLF,qutrit,3,3,0,3,,46,0.945953964,0.002828703,4
RLF,qutrit,3,3,0,3,,47,0.948581587,0.003207509,4
RLF,qutrit,3,3,0,3,,48,0.949518998,0.003105163,4
RLF,qutrit,3,3,0,3,,49,0.950938677,0.003547991,4
RLF,qutrit,3,3,0,3,,50,0.951689919,0.003897972,4
RLF,qutrit,3,3,0,3,,51,0.955112881,0.003485687,4
RLF,qutrit,3,3,0,3,,52,0.957741083,0.003660084,4
RLF,qutrit,3,3,0,3,,53,0.957992881,0.003709505,4
RLF,qutrit,3,3,0,3,,54,0.959507406,0.003121784,4
RLF,qutrit,3,3,0,3,,55,0.959624939,0.003224603,4
RLF,qutrit,3,3,0,3,,56,0.961038999,0.003484436,4
RLF,qutrit,3,3,0,3,,57,0.962702559,0.003178491,4
RLF,qutrit,3,3,0,3,,58,0.96303787,0.003332114,4
RLF,qutrit,3,3,0,3,,59,0.964079581,0.003838324,4
RLF,qutrit,3,3,0,3,,60,0.964327803,0.003719478,4
RLF,qutrit,3,3,0,3,,61,0.964527508,0.003738354,4
RLF,qutrit,3,3,0,3,,62,0.964527507,0.003738354,4
RLF,qutrit,3,3,0,3,,63,0.964932371,0.003925183,4
RLF,qutrit,3,3,0,3,,64,0.965972791,0.003718234,4
RLF,qutrit,3,3,0,3,,65,0.967818943,0.003457832,4
RLF,qutrit,3,3,0,3,,66,0.969077222,0.003066614,4
RLF,qutrit,3,3,0,3,,67,0.970611103,0.0029011,4
RLF,qutrit,3,3,0,3,,68,0.971753929,0.002703961,4
RLF,qutrit,3,3,0,3,,69,0.973074041,0.002815457,4
RLF,qutrit,3,3,0,3,,70,0.97336463,0.002943049,4
RLF,qutrit,3,3,0,3,,71,0.974410526,0.002950259,4
RLF,qutrit,3,3,0,3,,72,0.974804606,0.003106614,4
RLF,qutrit,3,3,0,3,,73,0.975449844,0.003397204,4
RLF,qutrit,3,3,0,3,,74,0.975691804,0.003513603,4
RLF,qutrit,3,3,0,3,,75,0.976974564,0.00299861,4
RLF,qutrit,3,3,0,3,,76,0.977025149,0.003046379,4
RLF,qutrit,3,3,0,3,,77,0.977621669,0.002822709,4
RLF,qutrit,3,3,0,3,,78,0.97800576,0.002880353,4
RLF,qutrit,3,3,0,3,,79,0.97800576,0.002880354,4
RLF,qutrit,3,3,0,3,,80,0.978005759,0.002880353,4
RLF,qutrit,3,3,0,3,,81,0.97877832,0.002627322,4
RLF,qutrit,3,3,0,3,,82,0.97877832,0.002627322,4
RLF,qutrit,3,3,0,3,,83,0.979447934,0.003431086,4
RLF,qutrit,3,3,0,3,,84,0.981527238,0.002745654,4
RLF,qutrit,3,3,0,3,,85,0.981839225,0.002598597,4
RLF,qutrit,3,3,0,3,,86,0.981839225,0.002598597,4
RLF,qutrit,3,3,0,3,,87,0.982060776,0.002541224,4
RLF,qutrit,3,3,0,3,,88,0.982060776,0.002541224,4
RLF,qutrit,3,3,0,3,,89,0.982060775,0.002541224,4
RLF,qutrit,3,3,0,3,,90,0.982060776,0.002541224,4
RLF,qutrit,3,3,0,3,,91,0.982311295,0.002708033,4
RLF,qutrit,3,3,0,3,,92,0.982311295,0.002708033,4
RLF,qutrit,3,3,0,3,,93,0.982834991,0.002484319,4
RLF,qutrit,3,3,0,3,,94,0.983231756,0.002312122,4
RLF,qutrit,3,3,0,3,,95,0.983231756,0.002312121,4
RLF,qutrit,3,3,0,3,,96,0.983231756,0.002312121,4
RLF,qutrit,3,3,0,3,,97,0.983231756,0.002312122,4
RLF,qutrit,3,3,0,3,,98,0.983231756,0.002312121,4
RLF,qutrit,3,3,0,3,,99,0.983231756,0.002312121,4
RLF,qutrit,3,3,0,3,,100,0.986206359,0.001312407,4
RLF,qutrit,3,3,0,3,,101,0.986327372,0.001457451,4
RLF,qutrit,3,3,0,3,,102,0.98658173,0.00142989,4
RLF,qutrit,3,3,0,3,,103,0.987191391,0.001635637,4
RLF,qutrit,3,3,0,3,,104,0.987936477,0.001523395,4
RLF,qutrit,3,3,0,3,,105,0.988561541,0.001640762,4
RLF,qutrit,3,3,0,3,,106,0.991124332,0.001519962,4
RLF,qutrit,3,3,0,3,,107,0.992128281,0.001596861,4
RLF,qutrit,3,3,0,3,,108,0.992704763,0.00125342,4
RLF,qutrit,3,3,0,3,,109,0.993182216,0.001253882,4
RLF,qutrit,3,3,0,3,,110,0.993385059,0.00116385,4
RLF,qutrit,3,3,0,3,,111,0.994994107,0.001893147,4
RLF,qutrit,3,3,0,3,,112,0.996152489,0.002185158,4
RLF,qutrit,3,3,0,3,,113,0.996338977,0.002248014,4
RLF,qutrit,3,3,0,3,,114,0.996338977,0.002248014,4
RLF,qutrit,3,3,0,3,,115,0.996465668,0.002234266,4
RLF,qutrit,3,3,0,3,,116,0.996465668,0.002234265,4
RLF,qutrit,3,3,0,3,,117,0.996465668,0.002234266,4
RLF,qutrit,3,3,0,3,,118,0.996465668,0.002234265,3
RLF,qutrit,3,3,0,3,,119,0.996465668,0.002234266,3
RLF,qutrit,3,3,0,3,,120,0.996465668,0.002234266,3
RLF,qutrit,3,3,0,3,,121,0.996465668,0.002234266,3
RLF,qutrit,3,3,0,3,,122,0.996465668,0.002234266,3
RLF,qutrit,3,3,0,3,,123,0.996465668,0.002234266,3
RLF,qutrit,3,3,0,3,,124,0.996465668,0.002234265,3
RLF,qutrit,3,3,0,3,,125,0.996465668,0.002234266,3
RLF,qutrit,3,3,0,3,,126,0.996465668,0.002234266,3
RLF,qutrit,3,3,0,3,,127,0.996465668,0.002234266,3
RLF,qutrit,3,3,0,3,,128,0.996465668,0.002234265,3
RLF,qutrit,3,3,0,3,,129,0.996465668,0.002234266,3
RLF,qutrit,3,3,0,3,,130,0.996465668,0.002234266,3
RLF,qutrit,3,3,0,3,,131,0.996465668,0.002234266,3
RLF,qutrit,3,3,0,3,,132,0.996465668,0.002234266,3
RLF,qutrit,3,3,0,3,,133,0.996465668,0.002234266,3
RLF,qutrit,3,3,0,3,,134,0.997184915,0.001278336,3
RLF,qutrit,3,3,0,3,,135,0.997575664,0.001183651,3
RLF,qutrit,3,3,0,3,,136,0.997575664,0.001183651,3
RLF,qutrit,3,3,0,3,,137,0.997575664,0.001183651,3
RLF,qutrit,3,3,0,3,,138,0.997575664,0.001183651,3
RLF,qutrit,3,3,0,3,,139,0.997575664,0.001183651,3
RLF,qutrit,3,3,0,3,,140,0.997575664,0.001183651,3
RLF,qutrit,3,3,0,3,,141,0.9976574,0.001121125,3
RLF,qutrit,3,3,0,3,,142,0.9976574,0.001121125,3
RLF,qutrit,3,3,0,3,,143,0.9976574,0.001121124,3
RLF,qutrit,3,3,0,3,,144,0.9976574,0.001121125,3
RLF,qutrit,3,3,0,3,,145,0.9976574,0.001121124,3
RLF,qutrit,3,3,0,3,,146,0.9976574,0.001121124,2
RLF,qutrit,3,3,0,3,,147,0.9976574,0.001121125,2
RLF,qutrit,3,3,0,3,,148,0.9976574,0.001121125,2
RLF,qutrit,3,3,0,3,,149,0.9976574,0.001121125,1
RLF,hybrid,,,1,1,1q⊗1t,1,0.883880513,0.01200448,4
RLF,hybrid,,,1,1,1q⊗1t,2,0.909822127,0.013509625,3
RLF,hybrid,,,1,1,1q⊗1t,3,0.916127843,0.013374132,2
RLF,hybrid,,,1,1,1q⊗1t,4,0.931133951,0.012070915,2
RLF,hybrid,,,1,1,1q⊗1t,5,0.93874715,0.011633476,2
RLF,hybrid,,,1,1,1q⊗1t,6,0.942567697,0.011596216,2
RLF,hybrid,,,1,1,1q⊗1t,7,0.947636296,0.0113628,2
RLF,hybrid,,,1,1,1q⊗1t,8,0.958849565,0.006994418,2
RLF,hybrid,,,1,1,1q⊗1t,9,0.96731106,0.010812694,2
RLF,hybrid,,,1,1,1q⊗1t,10,0.970796469,0.012564808,2
RLF,hybrid,,,1,1,1q⊗1t,11,0.973777565,0.017287993,2
RLF,hybrid,,,1,1,1q⊗1t,12,0.976825509,0.019470258,2
RLF,hybrid,,,1,1,1q⊗1t,13,0.977832112,0.020074125,2
RLF,hybrid,,,1,1,1q⊗1t,14,0.977832112,0.020074126,2
RLF,hybrid,,,1,1,1q⊗1t,15,0.991885459,0.008057191,2
RLF,hybrid,,,1,1,1q⊗1t,16,1,6.89E-14,2
RLF,hybrid,,,1,2,1q⊗2t,1,0.858145205,0.012701586,8
RLF,hybrid,,,1,2,1q⊗2t,2,0.862147867,0.012691595,6
RLF,hybrid,,,1,2,1q⊗2t,3,0.870027348,0.010671967,6
RLF,hybrid,,,1,2,1q⊗2t,4,0.877009893,0.0105707,5
RLF,hybrid,,,1,2,1q⊗2t,5,0.881604712,0.012074195,5
RLF,hybrid,,,1,2,1q⊗2t,6,0.887930934,0.011827898,5
RLF,hybrid,,,1,2,1q⊗2t,7,0.889730837,0.010618317,5
RLF,hybrid,,,1,2,1q⊗2t,8,0.896044387,0.012060834,5
RLF,hybrid,,,1,2,1q⊗2t,9,0.90080038,0.011577231,5
RLF,hybrid,,,1,2,1q⊗2t,10,0.904299448,0.012059167,4
RLF,hybrid,,,1,2,1q⊗2t,11,0.90704608,0.012501772,4
RLF,hybrid,,,1,2,1q⊗2t,12,0.908138293,0.012830126,4
RLF,hybrid,,,1,2,1q⊗2t,13,0.911437284,0.011061846,4
RLF,hybrid,,,1,2,1q⊗2t,14,0.916134098,0.009672588,4
RLF,hybrid,,,1,2,1q⊗2t,15,0.918324172,0.009643174,4
RLF,hybrid,,,1,2,1q⊗2t,16,0.920846245,0.008751148,4
RLF,hybrid,,,1,2,1q⊗2t,17,0.923151081,0.007970363,4
RLF,hybrid,,,1,2,1q⊗2t,18,0.927550871,0.007522005,4
RLF,hybrid,,,1,2,1q⊗2t,19,0.929726201,0.007202653,4
RLF,hybrid,,,1,2,1q⊗2t,20,0.933353714,0.007830263,4
RLF,hybrid,,,1,2,1q⊗2t,21,0.93782302,0.009239741,4
RLF,hybrid,,,1,2,1q⊗2t,22,0.94184471,0.009694466,4
RLF,hybrid,,,1,2,1q⊗2t,23,0.946420828,0.008670591,4
RLF,hybrid,,,1,2,1q⊗2t,24,0.946380307,0.008452974,4
RLF,hybrid,,,1,2,1q⊗2t,25,0.947684857,0.008926484,4
RLF,hybrid,,,1,2,1q⊗2t,26,0.950108172,0.0086104,4
RLF,hybrid,,,1,2,1q⊗2t,27,0.951812669,0.009013405,4
RLF,hybrid,,,1,2,1q⊗2t,28,0.954450642,0.008927863,4
RLF,hybrid,,,1,2,1q⊗2t,29,0.956598035,0.010194716,4
RLF,hybrid,,,1,2,1q⊗2t,30,0.958144905,0.01020474,4
RLF,hybrid,,,1,2,1q⊗2t,31,0.960471481,0.009764533,4
RLF,hybrid,,,1,2,1q⊗2t,32,0.962037414,0.009951393,4
RLF,hybrid,,,1,2,1q⊗2t,33,0.962928422,0.009796122,4
RLF,hybrid,,,1,2,1q⊗2t,34,0.963637439,0.010186118,4
RLF,hybrid,,,1,2,1q⊗2t,35,0.963637438,0.010186125,4
RLF,hybrid,,,1,2,1q⊗2t,36,0.963874735,0.009815266,4
RLF,hybrid,,,1,2,1q⊗2t,37,0.965140768,0.0091212,4
RLF,hybrid,,,1,2,1q⊗2t,38,0.967380539,0.007757234,4
RLF,hybrid,,,1,2,1q⊗2t,39,0.971667091,0.007217981,4
RLF,hybrid,,,1,2,1q⊗2t,40,0.972248597,0.006918468,4
RLF,hybrid,,,1,2,1q⊗2t,41,0.974368263,0.007178311,4
RLF,hybrid,,,1,2,1q⊗2t,42,0.974368262,0.007178312,4
RLF,hybrid,,,1,2,1q⊗2t,43,0.974368264,0.007178372,4
RLF,hybrid,,,1,2,1q⊗2t,44,0.974368267,0.007178307,4
RLF,hybrid,,,1,2,1q⊗2t,45,0.976442862,0.006691584,4
RLF,hybrid,,,1,2,1q⊗2t,46,0.976293829,0.007454204,4
RLF,hybrid,,,1,2,1q⊗2t,47,0.977128789,0.007510427,4
RLF,hybrid,,,1,2,1q⊗2t,48,0.977903867,0.007230515,4
RLF,hybrid,,,1,2,1q⊗2t,49,0.979080437,0.006335545,4
RLF,hybrid,,,1,2,1q⊗2t,50,0.979744241,0.006263203,4
RLF,hybrid,,,1,2,1q⊗2t,51,0.979791351,0.006206009,4
RLF,hybrid,,,1,2,1q⊗2t,52,0.980591728,0.006002366,4
RLF,hybrid,,,1,2,1q⊗2t,53,0.982247639,0.006186426,3
RLF,hybrid,,,1,2,1q⊗2t,54,0.982697437,0.006534831,3
RLF,hybrid,,,1,2,1q⊗2t,55,0.98269744,0.006534823,3
RLF,hybrid,,,1,2,1q⊗2t,56,0.985454632,0.004600001,3
RLF,hybrid,,,1,2,1q⊗2t,57,0.985454634,0.004600015,3
RLF,hybrid,,,1,2,1q⊗2t,58,0.985454605,0.004600015,3
RLF,hybrid,,,1,2,1q⊗2t,59,0.986891136,0.003965747,3
RLF,hybrid,,,1,2,1q⊗2t,60,0.987946308,0.00312263,3
RLF,hybrid,,,1,2,1q⊗2t,61,0.989692986,0.002608294,3
RLF,hybrid,,,1,2,1q⊗2t,62,0.991109743,0.003007712,3
RLF,hybrid,,,1,2,1q⊗2t,63,0.99184224,0.002384998,3
RLF,hybrid,,,1,2,1q⊗2t,64,0.99184224,0.002384998,3
RLF,hybrid,,,1,2,1q⊗2t,65,0.992140241,0.002296029,3
RLF,hybrid,,,1,2,1q⊗2t,66,0.99247657,0.002080356,3
RLF,hybrid,,,1,2,1q⊗2t,67,0.99247657,0.002080356,3
RLF,hybrid,,,1,2,1q⊗2t,68,0.995437883,0.001440318,3
RLF,hybrid,,,1,2,1q⊗2t,69,0.996098965,0.001816504,3
RLF,hybrid,,,1,2,1q⊗2t,70,0.997181025,0.001526156,3
RLF,hybrid,,,1,2,1q⊗2t,71,0.997181025,0.001526155,3
RLF,hybrid,,,1,2,1q⊗2t,72,0.997181024,0.001526156,3
RLF,hybrid,,,1,2,1q⊗2t,73,0.997181025,0.001526156,3
RLF,hybrid,,,1,2,1q⊗2t,74,0.997583752,0.001452491,3
RLF,hybrid,,,1,2,1q⊗2t,75,0.998101602,0.001719787,3
RLF,hybrid,,,1,2,1q⊗2t,76,0.998416205,0.00151984,3
RLF,hybrid,,,1,2,1q⊗2t,77,0.998416205,0.00151984,3
RLF,hybrid,,,1,2,1q⊗2t,78,0.9990473,2.18E-14,3
RLF,hybrid,,,1,2,1q⊗2t,79,0.9993441,7.16E-15,3
RLF,hybrid,,,1,2,1q⊗2t,80,0.99961407,3.38E-14,2
RLF,hybrid,,,1,2,1q⊗2t,81,0.99988527,1.31E-14,2
RLF,hybrid,,,1,2,1q⊗2t,82,0.9999472,1.37E-14,1
RLF,hybrid,,,1,2,1q⊗2t,83,1,2.71E-14,1
RLF,hybrid,,,1,2,1q⊗2t,84,1,1.89E-14,1
RLF,hybrid,,,1,2,1q⊗2t,85,1,1.36E-14,1
RLF,hybrid,,,1,2,1q⊗2t,86,1,3.24E-14,1
RLF,hybrid,,,1,2,1q⊗2t,87,1,4.43E-14,1
RLF,hybrid,,,1,2,1q⊗2t,88,1,1.82E-14,1
RLF,hybrid,,,1,2,1q⊗2t,89,1,2.11E-14,1
RLF,hybrid,,,1,2,1q⊗2t,90,1,1.55E-14,1
RLF,hybrid,,,1,2,1q⊗2t,91,1,2.92E-14,1
RLF,hybrid,,,2,1,2q⊗1t,1,0.85303814,0.01037136,8
RLF,hybrid,,,2,1,2q⊗1t,2,0.866583985,0.008391201,5
RLF,hybrid,,,2,1,2q⊗1t,3,0.881684663,0.011232647,5
RLF,hybrid,,,2,1,2q⊗1t,4,0.887999351,0.01236928,4
RLF,hybrid,,,2,1,2q⊗1t,5,0.894583326,0.009222543,4
RLF,hybrid,,,2,1,2q⊗1t,6,0.902249449,0.009451414,4
RLF,hybrid,,,2,1,2q⊗1t,7,0.911529532,0.008286533,4
RLF,hybrid,,,2,1,2q⊗1t,8,0.917247514,0.006722183,4
RLF,hybrid,,,2,1,2q⊗1t,9,0.921475061,0.008096745,4
RLF,hybrid,,,2,1,2q⊗1t,10,0.92995442,0.00550441,4
RLF,hybrid,,,2,1,2q⊗1t,11,0.933713048,0.006951048,4
RLF,hybrid,,,2,1,2q⊗1t,12,0.941819361,0.005736358,4
RLF,hybrid,,,2,1,2q⊗1t,13,0.94535754,0.005365427,4
RLF,hybrid,,,2,1,2q⊗1t,14,0.949628909,0.006750027,4
RLF,hybrid,,,2,1,2q⊗1t,15,0.954854549,0.008704009,4
RLF,hybrid,,,2,1,2q⊗1t,16,0.957132663,0.008513272,4
RLF,hybrid,,,2,1,2q⊗1t,17,0.960464931,0.007448119,4
RLF,hybrid,,,2,1,2q⊗1t,18,0.964145145,0.007363917,4
RLF,hybrid,,,2,1,2q⊗1t,19,0.967893535,0.008442257,4
RLF,hybrid,,,2,1,2q⊗1t,20,0.970698145,0.006877123,4
RLF,hybrid,,,2,1,2q⊗1t,21,0.974089318,0.006018732,4
RLF,hybrid,,,2,1,2q⊗1t,22,0.978974409,0.007283989,4
RLF,hybrid,,,2,1,2q⊗1t,23,0.987077548,0.007736821,4
RLF,hybrid,,,2,1,2q⊗1t,24,0.987643268,0.00761679,4
RLF,hybrid,,,2,1,2q⊗1t,25,0.992705037,0.004324086,4
RLF,hybrid,,,2,1,2q⊗1t,26,0.996354358,0.00353377,4
RLF,hybrid,,,2,1,2q⊗1t,27,0.998533,8.21E-15,4
RLF,hybrid,,,2,1,2q⊗1t,28,0.9991047,4.60E-14,3
RLF,hybrid,,,2,1,2q⊗1t,29,0.9993484,4.30E-14,3
RLF,hybrid,,,2,1,2q⊗1t,30,0.9994905,7.11E-15,3
RLF,hybrid,,,2,1,2q⊗1t,31,0.9996342,1.68E-14,2
RLF,hybrid,,,2,1,2q⊗1t,32,0.99979401,2.77E-14,2
RLF,hybrid,,,2,1,2q⊗1t,33,0.99987525,2.29E-14,2
RLF,hybrid,,,2,1,2q⊗1t,34,0.999903517,1.08E-14,2
RLF,hybrid,,,2,1,2q⊗1t,35,1,7.29E-15,1
RLF,hybrid,,,2,1,2q⊗1t,36,1,1.79E-14,1
RLF,hybrid,,,2,1,2q⊗1t,37,1,1.55E-14,1
RLF,hybrid,,,2,1,2q⊗1t,38,1,3.28E-15,1
RLF,hybrid,,,2,1,2q⊗1t,39,1,1.59E-14,1
RLF,hybrid,,,2,1,2q⊗1t,40,1,1.10E-14,1
RLF,hybrid,,,2,1,2q⊗1t,41,1,3.04E-14,1
GNN,qubit,2,2,2,0,,1,0.87942341,0.045230054,3
GNN,qubit,2,2,2,0,,2,0.905731307,0.037173602,2
GNN,qubit,2,2,2,0,,3,0.922570648,0.027434527,2
GNN,qubit,2,2,2,0,,4,0.939689668,0.025609404,2
GNN,qubit,2,2,2,0,,5,0.958008041,0.016154389,2
GNN,qubit,2,2,2,0,,6,0.979694587,0.014204037,2
GNN,qubit,2,2,2,0,,7,1,2.13E-14,2
GNN,qubit,2,3,3,0,,1,0.874674655,0.019440475,7
GNN,qubit,2,3,3,0,,2,0.888485472,0.017213399,4
GNN,qubit,2,3,3,0,,3,0.899764886,0.014635996,4
GNN,qubit,2,3,3,0,,4,0.908494975,0.013884713,4
GNN,qubit,2,3,3,0,,5,0.92006069,0.014464107,4
GNN,qubit,2,3,3,0,,6,0.929287933,0.014316694,4
GNN,qubit,2,3,3,0,,7,0.939109244,0.010847474,4
GNN,qubit,2,3,3,0,,8,0.944497756,0.011611651,4
GNN,qubit,2,3,3,0,,9,0.950095838,0.010653743,4
GNN,qubit,2,3,3,0,,10,0.957117814,0.01224338,4
GNN,qubit,2,3,3,0,,11,0.963692353,0.011046373,4
GNN,qubit,2,3,3,0,,12,0.973794104,0.008054317,3
GNN,qubit,2,3,3,0,,13,0.978077316,0.007478242,3
GNN,qubit,2,3,3,0,,14,0.981986186,0.009254508,3
GNN,qubit,2,3,3,0,,15,0.9918938,0.006403918,3
GNN,qubit,2,3,3,0,,16,0.996949206,0.00318601,2
GNN,qubit,2,3,3,0,,17,1,2.22E-15,2
GNN,qubit,2,4,4,0,,1,0.861135861,0.009313436,15
GNN,qubit,2,4,4,0,,2,0.869823673,0.008217251,15
GNN,qubit,2,4,4,0,,3,0.875359249,0.00782744,15
GNN,qubit,2,4,4,0,,4,0.881916008,0.006576986,14
GNN,qubit,2,4,4,0,,5,0.890345752,0.007385249,14
GNN,qubit,2,4,4,0,,6,0.897240349,0.007440852,14
GNN,qubit,2,4,4,0,,7,0.902110137,0.007316579,8
GNN,qubit,2,4,4,0,,8,0.906176487,0.008506047,8
GNN,qubit,2,4,4,0,,9,0.911743952,0.007929538,8
GNN,qubit,2,4,4,0,,10,0.91939312,0.008341856,8
GNN,qubit,2,4,4,0,,11,0.925000469,0.008753969,8
GNN,qubit,2,4,4,0,,12,0.929562918,0.006769199,8
GNN,qubit,2,4,4,0,,13,0.934856563,0.005976128,8
GNN,qubit,2,4,4,0,,14,0.9424291,0.006501421,8
GNN,qubit,2,4,4,0,,15,0.947210967,0.005832023,8
GNN,qubit,2,4,4,0,,16,0.95419922,0.005410404,8
GNN,qubit,2,4,4,0,,17,0.96074789,0.005942226,6
GNN,qubit,2,4,4,0,,18,0.969118024,0.007768527,6
GNN,qubit,2,4,4,0,,19,0.974719984,0.007909822,6
GNN,qubit,2,4,4,0,,20,0.978685789,0.007037984,6
GNN,qubit,2,4,4,0,,21,0.983956444,0.006647896,6
GNN,qubit,2,4,4,0,,22,0.985610714,0.006519779,5
GNN,qubit,2,4,4,0,,23,0.987195172,0.006684672,5
GNN,qubit,2,4,4,0,,24,0.989321126,0.004527804,5
GNN,qubit,2,4,4,0,,25,0.991848203,0.004118235,5
GNN,qubit,2,4,4,0,,26,0.994860233,0.004713622,4
GNN,qubit,2,4,4,0,,27,0.996894023,0.004713623,4
GNN,qubit,2,4,4,0,,28,0.997818489,0.005315249,3
GNN,qubit,2,4,4,0,,29,0.999414023,0.004687339,2
GNN,qubit,2,5,5,0,,1,0.854247722,0.005231465,31
GNN,qubit,2,5,5,0,,2,0.858654491,0.004664124,30
GNN,qubit,2,5,5,0,,3,0.862928457,0.004196116,30
GNN,qubit,2,5,5,0,,4,0.866448829,0.004643586,28
GNN,qubit,2,5,5,0,,5,0.870753701,0.00452319,28
GNN,qubit,2,5,5,0,,6,0.87510673,0.004813859,28
GNN,qubit,2,5,5,0,,7,0.878929749,0.004329091,28
GNN,qubit,2,5,5,0,,8,0.883092991,0.004265041,28
GNN,qubit,2,5,5,0,,9,0.88751618,0.004428937,28
GNN,qubit,2,5,5,0,,10,0.891138033,0.005013492,28
GNN,qubit,2,5,5,0,,11,0.894893477,0.005045082,28
GNN,qubit,2,5,5,0,,12,0.897895147,0.00517588,16
GNN,qubit,2,5,5,0,,13,0.90101619,0.004983375,16
GNN,qubit,2,5,5,0,,14,0.904876078,0.005556104,16
GNN,qubit,2,5,5,0,,15,0.908127204,0.005474544,16
GNN,qubit,2,5,5,0,,16,0.91185681,0.004642495,16
GNN,qubit,2,5,5,0,,17,0.914397184,0.004543869,16
GNN,qubit,2,5,5,0,,18,0.917860736,0.004446622,16
GNN,qubit,2,5,5,0,,19,0.921003377,0.004594508,16
GNN,qubit,2,5,5,0,,20,0.924615905,0.004747847,16
GNN,qubit,2,5,5,0,,21,0.928041708,0.005444757,16
GNN,qubit,2,5,5,0,,22,0.931137134,0.005907311,16
GNN,qubit,2,5,5,0,,23,0.934802392,0.005858459,16
GNN,qubit,2,5,5,0,,24,0.937874923,0.005445617,16
GNN,qubit,2,5,5,0,,25,0.940855004,0.005461543,16
GNN,qubit,2,5,5,0,,26,0.945107568,0.005521996,16
GNN,qubit,2,5,5,0,,27,0.948292527,0.005450641,16
GNN,qubit,2,5,5,0,,28,0.951449941,0.005234668,16
GNN,qubit,2,5,5,0,,29,0.955265524,0.005047925,16
GNN,qubit,2,5,5,0,,30,0.959245196,0.004159109,16
GNN,qubit,2,5,5,0,,31,0.962059802,0.003900068,16
GNN,qubit,2,5,5,0,,32,0.965854736,0.00386227,16
GNN,qubit,2,5,5,0,,33,0.970061866,0.003496927,16
GNN,qubit,2,5,5,0,,34,0.973410701,0.003577466,16
GNN,qubit,2,5,5,0,,35,0.977005204,0.002968074,12
GNN,qubit,2,5,5,0,,36,0.981116994,0.002744156,12
GNN,qubit,2,5,5,0,,37,0.984052153,0.002535217,12
GNN,qubit,2,5,5,0,,38,0.984344245,0.002578172,12
GNN,qubit,2,5,5,0,,39,0.985371645,0.002276793,12
GNN,qubit,2,5,5,0,,40,0.985607701,0.002186953,12
GNN,qubit,2,5,5,0,,41,0.986437696,0.002360778,12
GNN,qubit,2,5,5,0,,42,0.986439252,0.002311261,12
GNN,qubit,2,5,5,0,,43,0.987522752,0.002515212,12
GNN,qubit,2,5,5,0,,44,0.98825039,0.002194107,12
GNN,qubit,2,5,5,0,,45,0.990446025,0.002024876,12
GNN,qubit,2,5,5,0,,46,0.990589787,0.00218044,12
GNN,qubit,2,5,5,0,,47,0.990589787,0.00218044,12
GNN,qubit,2,5,5,0,,48,0.991328883,0.002291559,12
GNN,qubit,2,5,5,0,,49,0.991801761,0.002269428,10
GNN,qubit,2,5,5,0,,50,0.993904738,0.001289915,10
GNN,qubit,2,5,5,0,,51,0.994120978,0.001306733,10
GNN,qubit,2,5,5,0,,52,0.994120978,0.001306733,10
GNN,qubit,2,5,5,0,,53,0.994737997,0.001312946,10
GNN,qubit,2,5,5,0,,54,0.994737997,0.001312946,10
GNN,qubit,2,5,5,0,,55,0.995360272,0.00121229,10
GNN,qubit,2,5,5,0,,56,0.996209863,0.000886763,10
GNN,qubit,2,5,5,0,,57,0.996526073,0.001041191,9
GNN,qubit,2,5,5,0,,58,0.996526073,0.001041191,9
GNN,qubit,2,5,5,0,,59,0.996526073,0.001041191,9
GNN,qubit,2,5,5,0,,60,0.998882853,0.001047733,9
GNN,qubit,2,5,5,0,,61,0.998882853,0.001047732,8
GNN,qubit,2,5,5,0,,62,1,5.53E-15,8
GNN,qubit,2,5,5,0,,63,1,7.25E-15,6
GNN,qubit,2,5,5,0,,64,1,6.37E-15,6
GNN,qubit,2,5,5,0,,65,1,6.13E-15,3
GNN,qutrit,3,2,0,2,,1,0.868740792,0.018557125,4
GNN,qutrit,3,2,0,2,,2,0.880422063,0.017428632,4
GNN,qutrit,3,2,0,2,,3,0.884779547,0.018782515,4
GNN,qutrit,3,2,0,2,,4,0.889013241,0.020410309,4
GNN,qutrit,3,2,0,2,,5,0.897457168,0.021212586,4
GNN,qutrit,3,2,0,2,,6,0.903984657,0.02026576,3
GNN,qutrit,3,2,0,2,,7,0.909878055,0.016905582,3
GNN,qutrit,3,2,0,2,,8,0.915376763,0.017837953,3
GNN,qutrit,3,2,0,2,,9,0.918237369,0.015487156,3
GNN,qutrit,3,2,0,2,,10,0.922705916,0.017807231,3
GNN,qutrit,3,2,0,2,,11,0.926360372,0.016648555,3
GNN,qutrit,3,2,0,2,,12,0.929556159,0.017760348,3
GNN,qutrit,3,2,0,2,,13,0.931968696,0.018357599,3
GNN,qutrit,3,2,0,2,,14,0.936492439,0.016772424,2
GNN,qutrit,3,2,0,2,,15,0.939290873,0.017076777,2
GNN,qutrit,3,2,0,2,,16,0.939849968,0.018981785,2
GNN,qutrit,3,2,0,2,,17,0.944872294,0.020543999,2
GNN,qutrit,3,2,0,2,,18,0.948381678,0.018231494,2
GNN,qutrit,3,2,0,2,,19,0.952382864,0.015388476,2
GNN,qutrit,3,2,0,2,,20,0.955009466,0.01586927,2
GNN,qutrit,3,2,0,2,,21,0.961533234,0.014278564,2
GNN,qutrit,3,2,0,2,,22,0.966494231,0.011757626,2
GNN,qutrit,3,2,0,2,,23,0.970446374,0.012522278,2
GNN,qutrit,3,2,0,2,,24,0.976415085,0.008201634,2
GNN,qutrit,3,2,0,2,,25,0.979434999,0.009193186,2
GNN,qutrit,3,2,0,2,,26,0.983296029,0.008096402,2
GNN,qutrit,3,2,0,2,,27,0.986669207,0.005528992,2
GNN,qutrit,3,2,0,2,,28,0.99061462,0.004067282,2
GNN,qutrit,3,2,0,2,,29,0.994657058,0.003631812,2
GNN,qutrit,3,2,0,2,,30,1,2.37E-15,2
GNN,qutrit,3,2,0,2,,31,1,3.35E-15,2
GNN,qutrit,3,3,0,3,,1,0.857172969,0.005042061,12
GNN,qutrit,3,3,0,3,,2,0.862122356,0.005962833,12
GNN,qutrit,3,3,0,3,,3,0.86512359,0.005398994,11
GNN,qutrit,3,3,0,3,,4,0.868865724,0.005971236,10
GNN,qutrit,3,3,0,3,,5,0.87302129,0.00600438,9
GNN,qutrit,3,3,0,3,,6,0.875191357,0.006403719,9
GNN,qutrit,3,3,0,3,,7,0.877564748,0.006353613,9
GNN,qutrit,3,3,0,3,,8,0.879605707,0.006496285,9
GNN,qutrit,3,3,0,3,,9,0.881394334,0.006875566,9
GNN,qutrit,3,3,0,3,,10,0.883000275,0.006924021,9
GNN,qutrit,3,3,0,3,,11,0.884279875,0.006560118,9
GNN,qutrit,3,3,0,3,,12,0.886432173,0.006133036,9
GNN,qutrit,3,3,0,3,,13,0.887646311,0.006254986,9
GNN,qutrit,3,3,0,3,,14,0.889940401,0.005421955,9
GNN,qutrit,3,3,0,3,,15,0.894839458,0.005478439,8
GNN,qutrit,3,3,0,3,,16,0.895483157,0.005447187,8
GNN,qutrit,3,3,0,3,,17,0.896795915,0.005423937,8
GNN,qutrit,3,3,0,3,,18,0.897581528,0.00553122,8
GNN,qutrit,3,3,0,3,,19,0.898655405,0.005943305,8
GNN,qutrit,3,3,0,3,,20,0.90012542,0.006362768,7
GNN,qutrit,3,3,0,3,,21,0.900865409,0.005961247,7
GNN,qutrit,3,3,0,3,,22,0.902045616,0.00601741,7
GNN,qutrit,3,3,0,3,,23,0.902788324,0.006239536,7
GNN,qutrit,3,3,0,3,,24,0.903636292,0.006380464,7
GNN,qutrit,3,3,0,3,,25,0.904499503,0.00649073,7
GNN,qutrit,3,3,0,3,,26,0.905869351,0.006433001,7
GNN,qutrit,3,3,0,3,,27,0.907286619,0.006723761,7
GNN,qutrit,3,3,0,3,,28,0.907746921,0.006697057,6
GNN,qutrit,3,3,0,3,,29,0.908193501,0.006530846,6
GNN,qutrit,3,3,0,3,,30,0.909441213,0.006469967,6
GNN,qutrit,3,3,0,3,,31,0.910502291,0.006250031,6
GNN,qutrit,3,3,0,3,,32,0.911779228,0.006226353,6
GNN,qutrit,3,3,0,3,,33,0.913301224,0.005779795,6
GNN,qutrit,3,3,0,3,,34,0.914592261,0.005464079,6
GNN,qutrit,3,3,0,3,,35,0.916131664,0.005074871,6
GNN,qutrit,3,3,0,3,,36,0.917091568,0.005203757,6
GNN,qutrit,3,3,0,3,,37,0.917854383,0.00537272,6
GNN,qutrit,3,3,0,3,,38,0.918792564,0.00544609,6
GNN,qutrit,3,3,0,3,,39,0.919558246,0.004879261,6
GNN,qutrit,3,3,0,3,,40,0.920726522,0.004520812,6
GNN,qutrit,3,3,0,3,,41,0.921563796,0.0045181,6
GNN,qutrit,3,3,0,3,,42,0.92241718,0.004105719,6
GNN,qutrit,3,3,0,3,,43,0.923050505,0.004202351,6
GNN,qutrit,3,3,0,3,,44,0.923944394,0.005050495,6
GNN,qutrit,3,3,0,3,,45,0.924827991,0.005614059,6
GNN,qutrit,3,3,0,3,,46,0.926233637,0.005391954,6
GNN,qutrit,3,3,0,3,,47,0.927329893,0.005443853,6
GNN,qutrit,3,3,0,3,,48,0.928543568,0.005478735,6
GNN,qutrit,3,3,0,3,,49,0.929540607,0.005066871,6
GNN,qutrit,3,3,0,3,,50,0.930498912,0.004936874,6
GNN,qutrit,3,3,0,3,,51,0.931600763,0.005038135,6
GNN,qutrit,3,3,0,3,,52,0.932254225,0.004940525,6
GNN,qutrit,3,3,0,3,,53,0.932611899,0.00482908,6
GNN,qutrit,3,3,0,3,,54,0.933756654,0.005250992,6
GNN,qutrit,3,3,0,3,,55,0.935600229,0.004837536,6
GNN,qutrit,3,3,0,3,,56,0.936891143,0.005010848,6
GNN,qutrit,3,3,0,3,,57,0.937442083,0.004991309,6
GNN,qutrit,3,3,0,3,,58,0.937957387,0.005127326,6
GNN,qutrit,3,3,0,3,,59,0.938879561,0.005194647,6
GNN,qutrit,3,3,0,3,,60,0.939895006,0.00517386,6
GNN,qutrit,3,3,0,3,,61,0.940965671,0.004555836,6
GNN,qutrit,3,3,0,3,,62,0.942607177,0.004898067,6
GNN,qutrit,3,3,0,3,,63,0.943402175,0.004727683,6
GNN,qutrit,3,3,0,3,,64,0.94487764,0.004487539,6
GNN,qutrit,3,3,0,3,,65,0.945387913,0.004368766,6
GNN,qutrit,3,3,0,3,,66,0.94631315,0.004570389,6
GNN,qutrit,3,3,0,3,,67,0.948931808,0.004799165,6
GNN,qutrit,3,3,0,3,,68,0.949658624,0.004691187,6
GNN,qutrit,3,3,0,3,,69,0.95077902,0.004646039,6
GNN,qutrit,3,3,0,3,,70,0.952422833,0.005136722,6
GNN,qutrit,3,3,0,3,,71,0.952779734,0.005270432,6
GNN,qutrit,3,3,0,3,,72,0.953509503,0.005574975,6
GNN,qutrit,3,3,0,3,,73,0.954512274,0.005661372,5
GNN,qutrit,3,3,0,3,,74,0.955419374,0.005280041,5
GNN,qutrit,3,3,0,3,,75,0.955726092,0.005153599,5
GNN,qutrit,3,3,0,3,,76,0.956485666,0.004903742,5
GNN,qutrit,3,3,0,3,,77,0.95729547,0.005007283,5
GNN,qutrit,3,3,0,3,,78,0.958398727,0.004758693,4
GNN,qutrit,3,3,0,3,,79,0.959196856,0.004794495,4
GNN,qutrit,3,3,0,3,,80,0.959733103,0.004891762,4
GNN,qutrit,3,3,0,3,,81,0.9603357,0.004773257,4
GNN,qutrit,3,3,0,3,,82,0.961226971,0.004741542,4
GNN,qutrit,3,3,0,3,,83,0.962058126,0.005097759,4
GNN,qutrit,3,3,0,3,,84,0.962545902,0.004919914,4
GNN,qutrit,3,3,0,3,,85,0.963243518,0.004652113,4
GNN,qutrit,3,3,0,3,,86,0.963987453,0.004644061,4
GNN,qutrit,3,3,0,3,,87,0.964668427,0.0046405,4
GNN,qutrit,3,3,0,3,,88,0.965251656,0.004803803,4
GNN,qutrit,3,3,0,3,,89,0.966170924,0.004210125,4
GNN,qutrit,3,3,0,3,,90,0.967235185,0.003923561,4
GNN,qutrit,3,3,0,3,,91,0.967979487,0.004207834,4
GNN,qutrit,3,3,0,3,,92,0.969064825,0.004407375,4
GNN,qutrit,3,3,0,3,,93,0.969868678,0.004179813,4
GNN,qutrit,3,3,0,3,,94,0.971128598,0.003634901,4
GNN,qutrit,3,3,0,3,,95,0.972356293,0.002896466,4
GNN,qutrit,3,3,0,3,,96,0.973491669,0.002663883,4
GNN,qutrit,3,3,0,3,,97,0.974526511,0.002446738,4
GNN,qutrit,3,3,0,3,,98,0.975885231,0.001901505,4
GNN,qutrit,3,3,0,3,,99,0.97688722,0.00221371,4
GNN,qutrit,3,3,0,3,,100,0.978505371,0.002397541,4
GNN,qutrit,3,3,0,3,,101,0.978716494,0.002391288,4
GNN,qutrit,3,3,0,3,,102,0.979360123,0.002323369,4
GNN,qutrit,3,3,0,3,,103,0.979643439,0.00212205,4
GNN,qutrit,3,3,0,3,,104,0.98030186,0.002052427,4
GNN,qutrit,3,3,0,3,,105,0.981087695,0.002211089,4
GNN,qutrit,3,3,0,3,,106,0.98172586,0.002044281,4
GNN,qutrit,3,3,0,3,,107,0.982991062,0.001946323,4
GNN,qutrit,3,3,0,3,,108,0.98367226,0.002173869,4
GNN,qutrit,3,3,0,3,,109,0.984753637,0.00229654,4
GNN,qutrit,3,3,0,3,,110,0.985833684,0.001496904,4
GNN,qutrit,3,3,0,3,,111,0.986460988,0.001296498,4
GNN,qutrit,3,3,0,3,,112,0.987294562,0.001284361,4
GNN,qutrit,3,3,0,3,,113,0.988353977,0.001295395,4
GNN,qutrit,3,3,0,3,,114,0.989169677,0.00113782,4
GNN,qutrit,3,3,0,3,,115,0.989372071,0.000985438,4
GNN,qutrit,3,3,0,3,,116,0.990139197,0.000916276,4
GNN,qutrit,3,3,0,3,,117,0.991334652,0.001244242,4
GNN,qutrit,3,3,0,3,,118,0.992502876,0.001579205,4
GNN,qutrit,3,3,0,3,,119,0.993841419,0.001539115,4
GNN,qutrit,3,3,0,3,,120,0.995166434,0.001805875,4
GNN,qutrit,3,3,0,3,,121,0.99637566,0.002158609,4
GNN,qutrit,3,3,0,3,,122,0.996754485,0.002119139,4
GNN,qutrit,3,3,0,3,,123,0.998186597,0.00194796,4
GNN,qutrit,3,3,0,3,,124,0.998186598,0.00194796,4
GNN,qutrit,3,3,0,3,,125,0.998186598,0.00194796,4
GNN,qutrit,3,3,0,3,,126,0.998186598,0.00194796,4
GNN,qutrit,3,3,0,3,,127,0.99939696,0.000598891,3
GNN,qutrit,3,3,0,3,,128,1,8.83E-15,3
GNN,hybrid,,,1,1,1q⊗1t,1,0.890268099,0.013793624,5
GNN,hybrid,,,1,1,1q⊗1t,2,0.902517954,0.018929295,3
GNN,hybrid,,,1,1,1q⊗1t,3,0.921556067,0.026045289,3
GNN,hybrid,,,1,1,1q⊗1t,4,0.92991658,0.02915233,2
GNN,hybrid,,,1,1,1q⊗1t,5,0.936562506,0.026559396,2
GNN,hybrid,,,1,1,1q⊗1t,6,0.937586303,0.031619267,2
GNN,hybrid,,,1,1,1q⊗1t,7,0.94374127,0.031766979,2
GNN,hybrid,,,1,1,1q⊗1t,8,0.95606274,0.018932727,2
GNN,hybrid,,,1,1,1q⊗1t,9,0.965646686,0.012207014,2
GNN,hybrid,,,1,1,1q⊗1t,10,0.976655746,0.014381611,2
GNN,hybrid,,,1,1,1q⊗1t,11,0.980682936,0.010351835,2
GNN,hybrid,,,1,1,1q⊗1t,12,0.986083751,0.012068908,2
GNN,hybrid,,,1,1,1q⊗1t,13,0.993456368,0.006176171,2
GNN,hybrid,,,1,1,1q⊗1t,14,1,5.09E-15,2
GNN,hybrid,,,1,1,1q⊗1t,15,1,5.51E-15,2
GNN,hybrid,,,1,2,1q⊗2t,1,0.864074136,0.004371303,10
GNN,hybrid,,,1,2,1q⊗2t,2,0.867425765,0.005221077,9
GNN,hybrid,,,1,2,1q⊗2t,3,0.872438621,0.004987476,9
GNN,hybrid,,,1,2,1q⊗2t,4,0.879131676,0.005177107,9
GNN,hybrid,,,1,2,1q⊗2t,5,0.882783325,0.00509763,8
GNN,hybrid,,,1,2,1q⊗2t,6,0.888846565,0.005559694,8
GNN,hybrid,,,1,2,1q⊗2t,7,0.893009677,0.00496648,8
GNN,hybrid,,,1,2,1q⊗2t,8,0.896328298,0.004771551,7
GNN,hybrid,,,1,2,1q⊗2t,9,0.90111996,0.004296137,7
GNN,hybrid,,,1,2,1q⊗2t,10,0.902982507,0.004635953,7
GNN,hybrid,,,1,2,1q⊗2t,11,0.909299198,0.005720761,6
GNN,hybrid,,,1,2,1q⊗2t,12,0.912906748,0.004481945,6
GNN,hybrid,,,1,2,1q⊗2t,13,0.915278453,0.003966976,6
GNN,hybrid,,,1,2,1q⊗2t,14,0.918920149,0.003584803,6
GNN,hybrid,,,1,2,1q⊗2t,15,0.921274588,0.003301955,6
GNN,hybrid,,,1,2,1q⊗2t,16,0.923709465,0.004788981,6
GNN,hybrid,,,1,2,1q⊗2t,17,0.926730462,0.004011562,6
GNN,hybrid,,,1,2,1q⊗2t,18,0.927957973,0.004102155,6
GNN,hybrid,,,1,2,1q⊗2t,19,0.931955992,0.005047318,6
GNN,hybrid,,,1,2,1q⊗2t,20,0.932995338,0.004789401,6
GNN,hybrid,,,1,2,1q⊗2t,21,0.934274337,0.005877232,5
GNN,hybrid,,,1,2,1q⊗2t,22,0.936422478,0.007243784,5
GNN,hybrid,,,1,2,1q⊗2t,23,0.939328445,0.006865488,5
GNN,hybrid,,,1,2,1q⊗2t,24,0.940998607,0.00659804,5
GNN,hybrid,,,1,2,1q⊗2t,25,0.943374789,0.005570795,5
GNN,hybrid,,,1,2,1q⊗2t,26,0.946556959,0.006498129,5
GNN,hybrid,,,1,2,1q⊗2t,27,0.948861732,0.007302742,5
GNN,hybrid,,,1,2,1q⊗2t,28,0.951214786,0.006005975,5
GNN,hybrid,,,1,2,1q⊗2t,29,0.95227682,0.005559884,5
GNN,hybrid,,,1,2,1q⊗2t,30,0.953001289,0.005109199,5
GNN,hybrid,,,1,2,1q⊗2t,31,0.953780521,0.005540903,5
GNN,hybrid,,,1,2,1q⊗2t,32,0.955588811,0.00563555,5
GNN,hybrid,,,1,2,1q⊗2t,33,0.956375853,0.006175403,5
GNN,hybrid,,,1,2,1q⊗2t,34,0.958974278,0.006292889,5
GNN,hybrid,,,1,2,1q⊗2t,35,0.959294468,0.006238849,5
GNN,hybrid,,,1,2,1q⊗2t,36,0.960100648,0.005672636,4
GNN,hybrid,,,1,2,1q⊗2t,37,0.962319372,0.00550301,4
GNN,hybrid,,,1,2,1q⊗2t,38,0.963786655,0.005713649,4
GNN,hybrid,,,1,2,1q⊗2t,39,0.966547422,0.004153824,4
GNN,hybrid,,,1,2,1q⊗2t,40,0.968384504,0.004690323,4
GNN,hybrid,,,1,2,1q⊗2t,41,0.96979137,0.004356199,4
GNN,hybrid,,,1,2,1q⊗2t,42,0.972384233,0.002998905,4
GNN,hybrid,,,1,2,1q⊗2t,43,0.973304126,0.002800982,4
GNN,hybrid,,,1,2,1q⊗2t,44,0.975301621,0.003650524,4
GNN,hybrid,,,1,2,1q⊗2t,45,0.977750119,0.003105295,4
GNN,hybrid,,,1,2,1q⊗2t,46,0.97962897,0.003014888,4
GNN,hybrid,,,1,2,1q⊗2t,47,0.98167773,0.002952251,4
GNN,hybrid,,,1,2,1q⊗2t,48,0.982697665,0.003734406,4
GNN,hybrid,,,1,2,1q⊗2t,49,0.985524931,0.002787551,4
GNN,hybrid,,,1,2,1q⊗2t,50,0.986440192,0.002134749,4
GNN,hybrid,,,1,2,1q⊗2t,51,0.987230696,0.002317209,4
GNN,hybrid,,,1,2,1q⊗2t,52,0.988517166,0.002239752,4
GNN,hybrid,,,1,2,1q⊗2t,53,0.98974036,0.001169819,4
GNN,hybrid,,,1,2,1q⊗2t,54,0.99338143,0.001282454,4
GNN,hybrid,,,1,2,1q⊗2t,55,0.995353764,0.001415273,4
GNN,hybrid,,,1,2,1q⊗2t,56,0.996310694,0.001408697,4
GNN,hybrid,,,1,2,1q⊗2t,57,0.99753433,0.00197002,4
GNN,hybrid,,,1,2,1q⊗2t,58,0.998251065,0.001650029,4
GNN,hybrid,,,1,2,1q⊗2t,59,0.999483702,0.00033728,3
GNN,hybrid,,,1,2,1q⊗2t,60,0.999483702,0.00033728,3
GNN,hybrid,,,1,2,1q⊗2t,61,0.999483702,0.000337279,3
GNN,hybrid,,,1,2,1q⊗2t,62,0.999483702,0.000337279,2
GNN,hybrid,,,1,2,1q⊗2t,63,0.999483702,0.00033728,2
GNN,hybrid,,,1,2,1q⊗2t,64,0.999483702,0.00033728,1
GNN,hybrid,,,2,1,2q⊗1t,1,0.858972832,0.008888286,11
GNN,hybrid,,,2,1,2q⊗1t,2,0.870748939,0.008925521,7
GNN,hybrid,,,2,1,2q⊗1t,3,0.878641142,0.009297618,7
GNN,hybrid,,,2,1,2q⊗1t,4,0.8877197,0.012275408,7
GNN,hybrid,,,2,1,2q⊗1t,5,0.892021692,0.011881523,6
GNN,hybrid,,,2,1,2q⊗1t,6,0.899827307,0.012507722,6
GNN,hybrid,,,2,1,2q⊗1t,7,0.908333493,0.012900797,6
GNN,hybrid,,,2,1,2q⊗1t,8,0.91821451,0.010730824,5
GNN,hybrid,,,2,1,2q⊗1t,9,0.920485963,0.01037899,4
GNN,hybrid,,,2,1,2q⊗1t,10,0.924886236,0.011364376,4
GNN,hybrid,,,2,1,2q⊗1t,11,0.92882051,0.012105171,4
GNN,hybrid,,,2,1,2q⊗1t,12,0.93235673,0.010814695,4
GNN,hybrid,,,2,1,2q⊗1t,13,0.935647901,0.010602241,4
GNN,hybrid,,,2,1,2q⊗1t,14,0.938743029,0.011463679,4
GNN,hybrid,,,2,1,2q⊗1t,15,0.945231094,0.013326036,4
GNN,hybrid,,,2,1,2q⊗1t,16,0.947325728,0.012573157,4
GNN,hybrid,,,2,1,2q⊗1t,17,0.95213304,0.008708678,4
GNN,hybrid,,,2,1,2q⊗1t,18,0.956745783,0.009067089,4
GNN,hybrid,,,2,1,2q⊗1t,19,0.958851706,0.008227863,4
GNN,hybrid,,,2,1,2q⊗1t,20,0.960787533,0.009176015,4
GNN,hybrid,,,2,1,2q⊗1t,21,0.965770052,0.00760116,3
GNN,hybrid,,,2,1,2q⊗1t,22,0.969682258,0.008421016,3
GNN,hybrid,,,2,1,2q⊗1t,23,0.975065284,0.006507423,3
GNN,hybrid,,,2,1,2q⊗1t,24,0.978455326,0.006075565,3
GNN,hybrid,,,2,1,2q⊗1t,25,0.980913686,0.007654267,3
GNN,hybrid,,,2,1,2q⊗1t,26,0.985359801,0.007768519,3
GNN,hybrid,,,2,1,2q⊗1t,27,0.991828241,0.005650869,3
GNN,hybrid,,,2,1,2q⊗1t,28,0.995476056,0.003962706,3
GNN,hybrid,,,2,1,2q⊗1t,29,0.995476056,0.003962706,3
GNN,hybrid,,,2,1,2q⊗1t,30,0.995476056,0.003962706,3
GNN,hybrid,,,2,1,2q⊗1t,31,0.995476056,0.003962705,3
GNN,hybrid,,,2,1,2q⊗1t,32,0.998901175,0.001229721,3
GNN,hybrid,,,2,1,2q⊗1t,33,0.998901174,0.001229721,2
GNN,hybrid,,,2,1,2q⊗1t,34,0.998901174,0.001229722,2
ILP,qubit,2,2,2,0,,1,0.896173605,0.043205197,3
ILP,qubit,2,2,2,0,,2,0.926188962,0.036133786,3
ILP,qubit,2,2,2,0,,3,0.938650175,0.032293884,3
ILP,qubit,2,2,2,0,,4,0.960684729,0.023864484,3
ILP,qubit,2,2,2,0,,5,1,4.39E-15,3
ILP,qubit,2,3,3,0,,1,0.864448487,0.015549412,7
ILP,qubit,2,3,3,0,,2,0.878322375,0.014962944,7
ILP,qubit,2,3,3,0,,3,0.895232876,0.011274822,7
ILP,qubit,2,3,3,0,,4,0.906364671,0.016499493,7
ILP,qubit,2,3,3,0,,5,0.926926123,0.013949851,7
ILP,qubit,2,3,3,0,,6,0.943646551,0.010658451,7
ILP,qubit,2,3,3,0,,7,0.965322965,0.015315598,7
ILP,qubit,2,3,3,0,,8,0.986329727,0.008442866,7
ILP,qubit,2,3,3,0,,9,0.999982168,0.008385692,7
ILP,qubit,2,4,4,0,,1,0.856938957,0.010259489,15
ILP,qubit,2,4,4,0,,2,0.866414408,0.009808969,15
ILP,qubit,2,4,4,0,,3,0.875613474,0.011402409,15
ILP,qubit,2,4,4,0,,4,0.883540214,0.012623588,15
ILP,qubit,2,4,4,0,,5,0.891292521,0.014157699,15
ILP,qubit,2,4,4,0,,6,0.89913248,0.012757352,15
ILP,qubit,2,4,4,0,,7,0.90686497,0.013780584,15
ILP,qubit,2,4,4,0,,8,0.913505473,0.013066637,15
ILP,qubit,2,4,4,0,,9,0.922511706,0.011564517,15
ILP,qubit,2,4,4,0,,10,0.927722359,0.010408136,15
ILP,qubit,2,4,4,0,,11,0.937316391,0.009172036,15
ILP,qubit,2,4,4,0,,12,0.94275631,0.008804185,15
ILP,qubit,2,4,4,0,,13,0.951808218,0.006246082,15
ILP,qubit,2,4,4,0,,14,0.960428123,0.00579555,15
ILP,qubit,2,4,4,0,,15,0.971331777,0.004729838,15
ILP,qubit,2,4,4,0,,16,0.987928891,0.002825939,15
ILP,qubit,2,4,4,0,,17,0.999846343,0.002616919,15
ILP,qutrit,3,2,0,2,,1,0.853330894,0.002694596,8
ILP,qutrit,3,2,0,2,,2,0.875768921,0.002904037,5
ILP,qutrit,3,2,0,2,,3,0.889386098,0.002712214,5
ILP,qutrit,3,2,0,2,,4,0.894864715,0.003356791,3
ILP,qutrit,3,2,0,2,,5,0.915867226,0.002121858,3
ILP,qutrit,3,2,0,2,,6,0.926871087,0.002441047,3
ILP,qutrit,3,2,0,2,,7,0.937873722,0.002320283,3
ILP,qutrit,3,2,0,2,,8,0.948761069,0.002579913,3
ILP,qutrit,3,2,0,2,,9,0.959878753,0.002595991,3
ILP,qutrit,3,2,0,2,,10,0.969188042,0.002541998,3
ILP,qutrit,3,2,0,2,,11,0.979388097,0.002359614,3
ILP,qutrit,3,2,0,2,,12,0.985958826,0.002783952,3
ILP,qutrit,3,2,0,2,,13,0.990841669,0.002729016,3
ILP,qutrit,3,2,0,2,,14,0.991872451,0.00254606,2
ILP,qutrit,3,2,0,2,,15,0.992598926,0.003358762,2
ILP,qutrit,3,2,0,2,,16,0.993891962,0.002872498,2
ILP,qutrit,3,2,0,2,,17,0.994894674,0.002234898,2
ILP,qutrit,3,2,0,2,,18,0.995897231,0.002996558,2
ILP,qutrit,3,2,0,2,,19,0.996898756,0.003170096,2
ILP,qutrit,3,2,0,2,,20,0.997020569,0.00345189,2
ILP,qutrit,3,2,0,2,,21,0.998359033,0.003597854,2
ILP,qutrit,3,2,0,2,,22,0.99897359,0.003597854,2
ILP,qutrit,3,2,0,2,,23,0.999223932,0.004111982,2
ILP,qutrit,3,2,0,2,,24,0.999556473,0.004543784,2
ILP,qutrit,3,2,0,2,,25,0.999649532,0.00433828,2
ILP,qutrit,3,2,0,2,,26,0.999760318,0.003765107,2
ILP,qutrit,3,2,0,2,,27,0.99989403,0.003773156,2
ILP,qutrit,3,2,0,2,,28,0.999975322,0.003548061,2
ILP,qutrit,3,2,0,2,,29,0.999991056,0.003425087,2
ILP,hybrid,,,1,1,1q⊗1t,1,0.871911794,0.025196713,5
ILP,hybrid,,,1,1,1q⊗1t,2,0.894332299,0.028336118,4
ILP,hybrid,,,1,1,1q⊗1t,3,0.908807484,0.030372035,4
ILP,hybrid,,,1,1,1q⊗1t,4,0.920414622,0.031743714,3
ILP,hybrid,,,1,1,1q⊗1t,5,0.936756095,0.037712345,3
ILP,hybrid,,,1,1,1q⊗1t,6,0.947173783,0.022835093,2
ILP,hybrid,,,1,1,1q⊗1t,7,0.950930719,0.018166605,2
ILP,hybrid,,,1,1,1q⊗1t,8,0.957355226,0.021500925,2
ILP,hybrid,,,1,1,1q⊗1t,9,0.961142721,0.022146115,2
ILP,hybrid,,,1,1,1q⊗1t,10,0.963797002,0.023255865,2
ILP,hybrid,,,1,1,1q⊗1t,11,0.971418405,0.022686217,2
ILP,hybrid,,,1,1,1q⊗1t,12,0.984538636,0.012085328,2
ILP,hybrid,,,1,1,1q⊗1t,13,1,9.59E-16,2
ILP,hybrid,,,1,2,1q⊗2t,1,0.860758458,0.008774596,17
ILP,hybrid,,,1,2,1q⊗2t,2,0.867498316,0.009700051,12
ILP,hybrid,,,1,2,1q⊗2t,3,0.87497202,0.00835285,12
ILP,hybrid,,,1,2,1q⊗2t,4,0.879887207,0.007731255,12
ILP,hybrid,,,1,2,1q⊗2t,5,0.888985361,0.008662621,12
ILP,hybrid,,,1,2,1q⊗2t,6,0.892423251,0.007383613,12
ILP,hybrid,,,1,2,1q⊗2t,7,0.896624544,0.007534658,8
ILP,hybrid,,,1,2,1q⊗2t,8,0.89903,0.007721124,8
ILP,hybrid,,,1,2,1q⊗2t,9,0.902872362,0.006410955,8
ILP,hybrid,,,1,2,1q⊗2t,10,0.90541559,0.006091884,8
ILP,hybrid,,,1,2,1q⊗2t,11,0.908806511,0.004616223,7
ILP,hybrid,,,1,2,1q⊗2t,12,0.911676402,0.005487888,7
ILP,hybrid,,,1,2,1q⊗2t,13,0.91453701,0.005665685,6
ILP,hybrid,,,1,2,1q⊗2t,14,0.919574676,0.006518891,6
ILP,hybrid,,,1,2,1q⊗2t,15,0.922268238,0.006553039,6
ILP,hybrid,,,1,2,1q⊗2t,16,0.925647892,0.006377903,6
ILP,hybrid,,,1,2,1q⊗2t,17,0.928308418,0.007882361,6
ILP,hybrid,,,1,2,1q⊗2t,18,0.930789457,0.008135313,6
ILP,hybrid,,,1,2,1q⊗2t,19,0.93355537,0.00802721,6
ILP,hybrid,,,1,2,1q⊗2t,20,0.93355537,0.00802721,6
ILP,hybrid,,,1,2,1q⊗2t,21,0.936018134,0.007689005,5
ILP,hybrid,,,1,2,1q⊗2t,22,0.938265909,0.007999447,5
ILP,hybrid,,,1,2,1q⊗2t,23,0.939891468,0.007335394,5
ILP,hybrid,,,1,2,1q⊗2t,24,0.943347712,0.006702199,5
ILP,hybrid,,,1,2,1q⊗2t,25,0.946207933,0.005126067,5
ILP,hybrid,,,1,2,1q⊗2t,26,0.946616215,0.005687198,5
ILP,hybrid,,,1,2,1q⊗2t,27,0.946692443,0.005997681,5
ILP,hybrid,,,1,2,1q⊗2t,28,0.94685499,0.006086772,5
ILP,hybrid,,,1,2,1q⊗2t,29,0.948484536,0.005838909,5
ILP,hybrid,,,1,2,1q⊗2t,30,0.950730961,0.004954776,4
ILP,hybrid,,,1,2,1q⊗2t,31,0.952716649,0.004261675,4
ILP,hybrid,,,1,2,1q⊗2t,32,0.955362587,0.004681824,4
ILP,hybrid,,,1,2,1q⊗2t,33,0.957534461,0.004637755,4
ILP,hybrid,,,1,2,1q⊗2t,34,0.959142579,0.00559817,4
ILP,hybrid,,,1,2,1q⊗2t,35,0.961527854,0.00518398,4
ILP,hybrid,,,1,2,1q⊗2t,36,0.963313257,0.005109475,4
ILP,hybrid,,,1,2,1q⊗2t,37,0.966118029,0.004402583,4
ILP,hybrid,,,1,2,1q⊗2t,38,0.96770871,0.004214102,4
ILP,hybrid,,,1,2,1q⊗2t,39,0.969709275,0.003826252,4
ILP,hybrid,,,1,2,1q⊗2t,40,0.971381156,0.003658871,4
ILP,hybrid,,,1,2,1q⊗2t,41,0.973123569,0.00340035,4
ILP,hybrid,,,1,2,1q⊗2t,42,0.974990513,0.002738531,4
ILP,hybrid,,,1,2,1q⊗2t,43,0.977992799,0.002974786,4
ILP,hybrid,,,1,2,1q⊗2t,44,0.978847716,0.003553038,4
ILP,hybrid,,,1,2,1q⊗2t,45,0.979954111,0.0034138,4
ILP,hybrid,,,1,2,1q⊗2t,46,0.980123117,0.003599243,4
ILP,hybrid,,,1,2,1q⊗2t,47,0.981933186,0.003222971,4
ILP,hybrid,,,1,2,1q⊗2t,48,0.981933186,0.003222971,4
ILP,hybrid,,,1,2,1q⊗2t,49,0.983723949,0.003552377,3
ILP,hybrid,,,1,2,1q⊗2t,50,0.98372395,0.003552377,3
ILP,hybrid,,,1,2,1q⊗2t,51,0.986034811,0.002998949,3
ILP,hybrid,,,1,2,1q⊗2t,52,0.988290284,0.002477458,3
ILP,hybrid,,,1,2,1q⊗2t,53,0.989037257,0.003069674,3
ILP,hybrid,,,1,2,1q⊗2t,54,0.989548119,0.002964553,3
ILP,hybrid,,,1,2,1q⊗2t,55,0.991573963,0.002006436,2
ILP,hybrid,,,1,2,1q⊗2t,56,0.992651287,0.001964495,2
ILP,hybrid,,,1,2,1q⊗2t,57,0.998265129,0.001964495,1
ILP,hybrid,,,2,1,2q⊗1t,1,0.865795407,0.007172679,11
ILP,hybrid,,,2,1,2q⊗1t,2,0.874532752,0.007700165,10
ILP,hybrid,,,2,1,2q⊗1t,3,0.882815257,0.009256857,8
ILP,hybrid,,,2,1,2q⊗1t,4,0.893843957,0.009653493,8
ILP,hybrid,,,2,1,2q⊗1t,5,0.901124223,0.011098921,8
ILP,hybrid,,,2,1,2q⊗1t,6,0.910841507,0.012399096,7
ILP,hybrid,,,2,1,2q⊗1t,7,0.914270524,0.013933596,7
ILP,hybrid,,,2,1,2q⊗1t,8,0.922466113,0.013826573,7
ILP,hybrid,,,2,1,2q⊗1t,9,0.925835932,0.012657457,6
ILP,hybrid,,,2,1,2q⊗1t,10,0.930692758,0.011998726,6
ILP,hybrid,,,2,1,2q⊗1t,11,0.935318116,0.014109415,5
ILP,hybrid,,,2,1,2q⊗1t,12,0.938630519,0.012685892,5
ILP,hybrid,,,2,1,2q⊗1t,13,0.940577381,0.014176566,5
ILP,hybrid,,,2,1,2q⊗1t,14,0.948227009,0.015227051,5
ILP,hybrid,,,2,1,2q⊗1t,15,0.95407353,0.016657366,5
ILP,hybrid,,,2,1,2q⊗1t,16,0.957968504,0.015294853,4
ILP,hybrid,,,2,1,2q⊗1t,17,0.96209733,0.013590753,4
ILP,hybrid,,,2,1,2q⊗1t,18,0.964994999,0.012971339,4
ILP,hybrid,,,2,1,2q⊗1t,19,0.967929922,0.0125364,4
ILP,hybrid,,,2,1,2q⊗1t,20,0.975136086,0.009530208,4
ILP,hybrid,,,2,1,2q⊗1t,21,0.982372516,0.006535458,3
ILP,hybrid,,,2,1,2q⊗1t,22,0.997135969,0.003543499,3
ILP,hybrid,,,2,1,2q⊗1t,23,0.997135969,0.0035435,3
ILP,hybrid,,,2,1,2q⊗1t,24,0.997135969,0.003543499,2
ILP,hybrid,,,2,1,2q⊗1t,25,0.997135969,0.003543499,1
